# Blender v3.0.1 OBJ File: 'gizmo.blend'
# www.blender.org
mtllib rotate_gizmo.mtl
o Rotate_X
v 0.000000 -1.030000 0.000000
v 0.015000 -1.025981 0.000000
v 0.025981 -1.015000 0.000000
v 0.030000 -1.000000 0.000000
v 0.025981 -0.985000 0.000000
v 0.015000 -0.974019 0.000000
v 0.000000 -0.970000 0.000000
v -0.015000 -0.974019 0.000000
v -0.025981 -0.985000 0.000000
v -0.030000 -1.000000 0.000000
v -0.025981 -1.015000 0.000000
v -0.015000 -1.025981 0.000000
v 0.000000 -1.025040 -0.100958
v 0.015000 -1.021040 -0.100564
v 0.025981 -1.010113 -0.099487
v 0.030000 -0.995185 -0.098017
v 0.025981 -0.980257 -0.096547
v 0.015000 -0.969329 -0.095471
v 0.000000 -0.965329 -0.095077
v -0.015000 -0.969329 -0.095471
v -0.025981 -0.980257 -0.096547
v -0.030000 -0.995185 -0.098017
v -0.025981 -1.010113 -0.099487
v -0.015000 -1.021040 -0.100564
v 0.000000 -1.010209 -0.200943
v 0.015000 -1.006267 -0.200159
v 0.025981 -0.995497 -0.198017
v 0.030000 -0.980785 -0.195090
v 0.025981 -0.966074 -0.192164
v 0.015000 -0.955304 -0.190022
v 0.000000 -0.951362 -0.189238
v -0.015000 -0.955304 -0.190022
v -0.025981 -0.966074 -0.192164
v -0.030000 -0.980785 -0.195090
v -0.025981 -0.995497 -0.198017
v -0.015000 -1.006267 -0.200159
v 0.000000 -0.985648 -0.298993
v 0.015000 -0.981802 -0.297827
v 0.025981 -0.971294 -0.294639
v 0.030000 -0.956940 -0.290285
v 0.025981 -0.942586 -0.285931
v 0.015000 -0.932078 -0.282743
v 0.000000 -0.928232 -0.281576
v -0.015000 -0.932078 -0.282743
v -0.025981 -0.942586 -0.285931
v -0.030000 -0.956940 -0.290285
v -0.025981 -0.971294 -0.294639
v -0.015000 -0.981802 -0.297827
v 0.000000 -0.951596 -0.394164
v 0.015000 -0.947883 -0.392626
v 0.025981 -0.937738 -0.388424
v 0.030000 -0.923880 -0.382683
v 0.025981 -0.910021 -0.376943
v 0.015000 -0.899876 -0.372741
v 0.000000 -0.896163 -0.371203
v -0.015000 -0.899876 -0.372741
v -0.025981 -0.910021 -0.376943
v -0.030000 -0.923880 -0.382683
v -0.025981 -0.937738 -0.388424
v -0.015000 -0.947883 -0.392626
v 0.000000 -0.908379 -0.485539
v 0.015000 -0.904834 -0.483644
v 0.025981 -0.895150 -0.478468
v 0.030000 -0.881921 -0.471397
v 0.025981 -0.868692 -0.464326
v 0.015000 -0.859008 -0.459149
v 0.000000 -0.855464 -0.457255
v -0.015000 -0.859008 -0.459149
v -0.025981 -0.868692 -0.464326
v -0.030000 -0.881921 -0.471397
v -0.025981 -0.895150 -0.478468
v -0.015000 -0.904834 -0.483644
v 0.000000 -0.856414 -0.572237
v 0.015000 -0.853072 -0.570004
v 0.025981 -0.843942 -0.563904
v 0.030000 -0.831470 -0.555570
v 0.025981 -0.818998 -0.547237
v 0.015000 -0.809867 -0.541136
v 0.000000 -0.806526 -0.538903
v -0.015000 -0.809867 -0.541136
v -0.025981 -0.818998 -0.547237
v -0.030000 -0.831470 -0.555570
v -0.025981 -0.843942 -0.563904
v -0.015000 -0.853072 -0.570004
v 0.000000 -0.796201 -0.653425
v 0.015000 -0.793094 -0.650875
v 0.025981 -0.784606 -0.643909
v 0.030000 -0.773010 -0.634393
v 0.025981 -0.761415 -0.624877
v 0.015000 -0.752927 -0.617911
v 0.000000 -0.749820 -0.615362
v -0.015000 -0.752927 -0.617911
v -0.025981 -0.761415 -0.624877
v -0.030000 -0.773010 -0.634393
v -0.025981 -0.784606 -0.643909
v -0.015000 -0.793094 -0.650875
v 0.000000 -0.728320 -0.728320
v 0.015000 -0.725478 -0.725478
v 0.025981 -0.717713 -0.717713
v 0.030000 -0.707107 -0.707107
v 0.025981 -0.696500 -0.696500
v 0.015000 -0.688736 -0.688736
v 0.000000 -0.685894 -0.685894
v -0.015000 -0.688736 -0.688736
v -0.025981 -0.696500 -0.696500
v -0.030000 -0.707107 -0.707107
v -0.025981 -0.717713 -0.717713
v -0.015000 -0.725478 -0.725478
v 0.000000 -0.653425 -0.796201
v 0.015000 -0.650875 -0.793094
v 0.025981 -0.643909 -0.784606
v 0.030000 -0.634393 -0.773010
v 0.025981 -0.624878 -0.761415
v 0.015000 -0.617911 -0.752927
v 0.000000 -0.615362 -0.749820
v -0.015000 -0.617911 -0.752927
v -0.025981 -0.624878 -0.761415
v -0.030000 -0.634393 -0.773010
v -0.025981 -0.643909 -0.784606
v -0.015000 -0.650875 -0.793094
v 0.000000 -0.572237 -0.856414
v 0.015000 -0.570004 -0.853072
v 0.025981 -0.563904 -0.843942
v 0.030000 -0.555570 -0.831470
v 0.025981 -0.547237 -0.818998
v 0.015000 -0.541136 -0.809868
v 0.000000 -0.538903 -0.806526
v -0.015000 -0.541136 -0.809868
v -0.025981 -0.547237 -0.818998
v -0.030000 -0.555570 -0.831470
v -0.025981 -0.563904 -0.843942
v -0.015000 -0.570004 -0.853072
v 0.000000 -0.485539 -0.908379
v 0.015000 -0.483644 -0.904834
v 0.025981 -0.478468 -0.895150
v 0.030000 -0.471397 -0.881921
v 0.025981 -0.464326 -0.868692
v 0.015000 -0.459150 -0.859008
v 0.000000 -0.457255 -0.855464
v -0.015000 -0.459150 -0.859008
v -0.025981 -0.464326 -0.868692
v -0.030000 -0.471397 -0.881921
v -0.025981 -0.478468 -0.895150
v -0.015000 -0.483644 -0.904834
v 0.000000 -0.394164 -0.951596
v 0.015000 -0.392626 -0.947882
v 0.025981 -0.388424 -0.937738
v 0.030000 -0.382684 -0.923879
v 0.025981 -0.376943 -0.910021
v 0.015000 -0.372741 -0.899876
v 0.000000 -0.371203 -0.896163
v -0.015000 -0.372741 -0.899876
v -0.025981 -0.376943 -0.910021
v -0.030000 -0.382684 -0.923879
v -0.025981 -0.388424 -0.937738
v -0.015000 -0.392626 -0.947882
v 0.000000 -0.298993 -0.985649
v 0.015000 -0.297826 -0.981802
v 0.025981 -0.294639 -0.971294
v 0.030000 -0.290285 -0.956940
v 0.025981 -0.285930 -0.942586
v 0.015000 -0.282743 -0.932078
v 0.000000 -0.281576 -0.928232
v -0.015000 -0.282743 -0.932078
v -0.025981 -0.285930 -0.942586
v -0.030000 -0.290285 -0.956940
v -0.025981 -0.294639 -0.971294
v -0.015000 -0.297826 -0.981802
v 0.000000 -0.200943 -1.010209
v 0.015000 -0.200159 -1.006267
v 0.025981 -0.198017 -0.995497
v 0.030000 -0.195090 -0.980785
v 0.025981 -0.192164 -0.966074
v 0.015000 -0.190022 -0.955304
v 0.000000 -0.189238 -0.951362
v -0.015000 -0.190022 -0.955304
v -0.025981 -0.192164 -0.966074
v -0.030000 -0.195090 -0.980785
v -0.025981 -0.198017 -0.995497
v -0.015000 -0.200159 -1.006267
v 0.000000 -0.100958 -1.025040
v 0.015000 -0.100564 -1.021040
v 0.025981 -0.099487 -1.010113
v 0.030000 -0.098017 -0.995185
v 0.025981 -0.096547 -0.980257
v 0.015000 -0.095470 -0.969329
v 0.000000 -0.095077 -0.965329
v -0.015000 -0.095470 -0.969329
v -0.025981 -0.096547 -0.980257
v -0.030000 -0.098017 -0.995185
v -0.025981 -0.099487 -1.010113
v -0.015000 -0.100564 -1.021040
v 0.000000 -0.000000 -1.030000
v 0.015000 -0.000000 -1.025981
v 0.025981 -0.000000 -1.015000
v 0.030000 -0.000000 -1.000000
v 0.025981 -0.000000 -0.985000
v 0.015000 -0.000000 -0.974019
v 0.000000 -0.000000 -0.970000
v -0.015000 -0.000000 -0.974019
v -0.025981 -0.000000 -0.985000
v -0.030000 -0.000000 -1.000000
v -0.025981 -0.000000 -1.015000
v -0.015000 -0.000000 -1.025981
v -0.000000 0.100958 -1.025040
v 0.015000 0.100564 -1.021040
v 0.025981 0.099488 -1.010113
v 0.030000 0.098017 -0.995185
v 0.025981 0.096547 -0.980257
v 0.015000 0.095471 -0.969329
v -0.000000 0.095077 -0.965329
v -0.015000 0.095471 -0.969329
v -0.025981 0.096547 -0.980257
v -0.030000 0.098017 -0.995185
v -0.025981 0.099488 -1.010113
v -0.015000 0.100564 -1.021040
v -0.000000 0.200943 -1.010209
v 0.015000 0.200159 -1.006267
v 0.025981 0.198017 -0.995497
v 0.030000 0.195090 -0.980785
v 0.025981 0.192164 -0.966074
v 0.015000 0.190022 -0.955304
v -0.000000 0.189238 -0.951362
v -0.015000 0.190022 -0.955304
v -0.025981 0.192164 -0.966074
v -0.030000 0.195090 -0.980785
v -0.025981 0.198017 -0.995497
v -0.015000 0.200159 -1.006267
v -0.000000 0.298993 -0.985649
v 0.015000 0.297826 -0.981802
v 0.025981 0.294639 -0.971295
v 0.030000 0.290284 -0.956940
v 0.025981 0.285930 -0.942586
v 0.015000 0.282743 -0.932078
v -0.000000 0.281576 -0.928232
v -0.015000 0.282743 -0.932078
v -0.025981 0.285930 -0.942586
v -0.030000 0.290284 -0.956940
v -0.025981 0.294639 -0.971295
v -0.015000 0.297826 -0.981802
v -0.000000 0.394164 -0.951596
v 0.015000 0.392626 -0.947883
v 0.025981 0.388424 -0.937738
v 0.030000 0.382684 -0.923880
v 0.025981 0.376943 -0.910021
v 0.015000 0.372741 -0.899876
v -0.000000 0.371203 -0.896163
v -0.015000 0.372741 -0.899876
v -0.025981 0.376943 -0.910021
v -0.030000 0.382684 -0.923880
v -0.025981 0.388424 -0.937738
v -0.015000 0.392626 -0.947883
v -0.000000 0.485539 -0.908379
v 0.015000 0.483644 -0.904834
v 0.025981 0.478468 -0.895150
v 0.030000 0.471397 -0.881921
v 0.025981 0.464326 -0.868692
v 0.015000 0.459149 -0.859008
v -0.000000 0.457255 -0.855464
v -0.015000 0.459149 -0.859008
v -0.025981 0.464326 -0.868692
v -0.030000 0.471397 -0.881921
v -0.025981 0.478468 -0.895150
v -0.015000 0.483644 -0.904834
v -0.000000 0.572237 -0.856414
v 0.015000 0.570004 -0.853072
v 0.025981 0.563904 -0.843942
v 0.030000 0.555570 -0.831470
v 0.025981 0.547236 -0.818998
v 0.015000 0.541136 -0.809868
v -0.000000 0.538903 -0.806526
v -0.015000 0.541136 -0.809868
v -0.025981 0.547236 -0.818998
v -0.030000 0.555570 -0.831470
v -0.025981 0.563904 -0.843942
v -0.015000 0.570004 -0.853072
v -0.000000 0.653425 -0.796201
v 0.015000 0.650875 -0.793094
v 0.025981 0.643909 -0.784606
v 0.030000 0.634393 -0.773010
v 0.025981 0.624877 -0.761415
v 0.015000 0.617911 -0.752927
v -0.000000 0.615362 -0.749820
v -0.015000 0.617911 -0.752927
v -0.025981 0.624877 -0.761415
v -0.030000 0.634393 -0.773010
v -0.025981 0.643909 -0.784606
v -0.015000 0.650875 -0.793094
v -0.000000 0.728320 -0.728320
v 0.015000 0.725478 -0.725478
v 0.025981 0.717714 -0.717713
v 0.030000 0.707107 -0.707107
v 0.025981 0.696500 -0.696500
v 0.015000 0.688736 -0.688735
v -0.000000 0.685894 -0.685893
v -0.015000 0.688736 -0.688735
v -0.025981 0.696500 -0.696500
v -0.030000 0.707107 -0.707107
v -0.025981 0.717714 -0.717713
v -0.015000 0.725478 -0.725478
v -0.000000 0.796201 -0.653425
v 0.015000 0.793094 -0.650875
v 0.025981 0.784606 -0.643909
v 0.030000 0.773010 -0.634393
v 0.025981 0.761415 -0.624877
v 0.015000 0.752927 -0.617911
v -0.000000 0.749820 -0.615362
v -0.015000 0.752927 -0.617911
v -0.025981 0.761415 -0.624877
v -0.030000 0.773010 -0.634393
v -0.025981 0.784606 -0.643909
v -0.015000 0.793094 -0.650875
v -0.000000 0.856414 -0.572237
v 0.015000 0.853072 -0.570004
v 0.025981 0.843942 -0.563904
v 0.030000 0.831470 -0.555570
v 0.025981 0.818998 -0.547237
v 0.015000 0.809867 -0.541136
v -0.000000 0.806525 -0.538903
v -0.015000 0.809867 -0.541136
v -0.025981 0.818998 -0.547237
v -0.030000 0.831470 -0.555570
v -0.025981 0.843942 -0.563904
v -0.015000 0.853072 -0.570004
v -0.000000 0.908379 -0.485539
v 0.015000 0.904834 -0.483644
v 0.025981 0.895150 -0.478468
v 0.030000 0.881921 -0.471397
v 0.025981 0.868693 -0.464326
v 0.015000 0.859008 -0.459149
v -0.000000 0.855464 -0.457255
v -0.015000 0.859008 -0.459149
v -0.025981 0.868693 -0.464326
v -0.030000 0.881921 -0.471397
v -0.025981 0.895150 -0.478468
v -0.015000 0.904834 -0.483644
v -0.000000 0.951596 -0.394164
v 0.015000 0.947883 -0.392626
v 0.025981 0.937738 -0.388424
v 0.030000 0.923880 -0.382683
v 0.025981 0.910021 -0.376943
v 0.015000 0.899876 -0.372741
v -0.000000 0.896163 -0.371203
v -0.015000 0.899876 -0.372741
v -0.025981 0.910021 -0.376943
v -0.030000 0.923880 -0.382683
v -0.025981 0.937738 -0.388424
v -0.015000 0.947883 -0.392626
v -0.000000 0.985648 -0.298993
v 0.015000 0.981802 -0.297827
v 0.025981 0.971294 -0.294639
v 0.030000 0.956940 -0.290285
v 0.025981 0.942586 -0.285931
v 0.015000 0.932078 -0.282743
v -0.000000 0.928232 -0.281576
v -0.015000 0.932078 -0.282743
v -0.025981 0.942586 -0.285931
v -0.030000 0.956940 -0.290285
v -0.025981 0.971294 -0.294639
v -0.015000 0.981802 -0.297827
v -0.000000 1.010209 -0.200943
v 0.015000 1.006267 -0.200159
v 0.025981 0.995497 -0.198017
v 0.030000 0.980785 -0.195090
v 0.025981 0.966074 -0.192164
v 0.015000 0.955304 -0.190022
v -0.000000 0.951362 -0.189238
v -0.015000 0.955304 -0.190022
v -0.025981 0.966074 -0.192164
v -0.030000 0.980785 -0.195090
v -0.025981 0.995497 -0.198017
v -0.015000 1.006267 -0.200159
v -0.000000 1.025040 -0.100957
v 0.015000 1.021040 -0.100563
v 0.025981 1.010113 -0.099487
v 0.030000 0.995185 -0.098017
v 0.025981 0.980257 -0.096547
v 0.015000 0.969329 -0.095470
v -0.000000 0.965329 -0.095076
v -0.015000 0.969329 -0.095470
v -0.025981 0.980257 -0.096547
v -0.030000 0.995185 -0.098017
v -0.025981 1.010113 -0.099487
v -0.015000 1.021040 -0.100563
v -0.000000 1.030000 -0.000000
v 0.015000 1.025981 -0.000000
v 0.025981 1.015000 -0.000000
v 0.030000 1.000000 -0.000000
v 0.025981 0.985000 -0.000000
v 0.015000 0.974019 -0.000000
v -0.000000 0.970000 -0.000000
v -0.015000 0.974019 -0.000000
v -0.025981 0.985000 -0.000000
v -0.030000 1.000000 -0.000000
v -0.025981 1.015000 -0.000000
v -0.015000 1.025981 -0.000000
v -0.000000 1.025040 0.100957
v 0.015000 1.021040 0.100563
v 0.025981 1.010113 0.099487
v 0.030000 0.995185 0.098017
v 0.025981 0.980257 0.096547
v 0.015000 0.969329 0.095470
v -0.000000 0.965329 0.095076
v -0.015000 0.969329 0.095470
v -0.025981 0.980257 0.096547
v -0.030000 0.995185 0.098017
v -0.025981 1.010113 0.099487
v -0.015000 1.021040 0.100563
v -0.000000 1.010209 0.200943
v 0.015000 1.006267 0.200159
v 0.025981 0.995497 0.198017
v 0.030000 0.980785 0.195090
v 0.025981 0.966074 0.192164
v 0.015000 0.955304 0.190022
v -0.000000 0.951362 0.189238
v -0.015000 0.955304 0.190022
v -0.025981 0.966074 0.192164
v -0.030000 0.980785 0.195090
v -0.025981 0.995497 0.198017
v -0.015000 1.006267 0.200159
v -0.000000 0.985649 0.298993
v 0.015000 0.981802 0.297826
v 0.025981 0.971295 0.294639
v 0.030000 0.956940 0.290284
v 0.025981 0.942586 0.285930
v 0.015000 0.932078 0.282743
v -0.000000 0.928232 0.281576
v -0.015000 0.932078 0.282743
v -0.025981 0.942586 0.285930
v -0.030000 0.956940 0.290284
v -0.025981 0.971295 0.294639
v -0.015000 0.981802 0.297826
v -0.000000 0.951596 0.394164
v 0.015000 0.947883 0.392625
v 0.025981 0.937738 0.388423
v 0.030000 0.923880 0.382683
v 0.025981 0.910021 0.376943
v 0.015000 0.899877 0.372741
v -0.000000 0.896163 0.371203
v -0.015000 0.899877 0.372741
v -0.025981 0.910021 0.376943
v -0.030000 0.923880 0.382683
v -0.025981 0.937738 0.388423
v -0.015000 0.947883 0.392625
v -0.000000 0.908379 0.485539
v 0.015000 0.904834 0.483644
v 0.025981 0.895150 0.478468
v 0.030000 0.881921 0.471397
v 0.025981 0.868693 0.464326
v 0.015000 0.859008 0.459149
v -0.000000 0.855464 0.457255
v -0.015000 0.859008 0.459149
v -0.025981 0.868693 0.464326
v -0.030000 0.881921 0.471397
v -0.025981 0.895150 0.478468
v -0.015000 0.904834 0.483644
v -0.000000 0.856414 0.572237
v 0.015000 0.853072 0.570004
v 0.025981 0.843942 0.563904
v 0.030000 0.831470 0.555570
v 0.025981 0.818998 0.547237
v 0.015000 0.809867 0.541136
v -0.000000 0.806525 0.538903
v -0.015000 0.809867 0.541136
v -0.025981 0.818998 0.547237
v -0.030000 0.831470 0.555570
v -0.025981 0.843942 0.563904
v -0.015000 0.853072 0.570004
v -0.000000 0.796201 0.653425
v 0.015000 0.793094 0.650875
v 0.025981 0.784606 0.643909
v 0.030000 0.773011 0.634393
v 0.025981 0.761416 0.624877
v 0.015000 0.752927 0.617911
v -0.000000 0.749820 0.615361
v -0.015000 0.752927 0.617911
v -0.025981 0.761416 0.624877
v -0.030000 0.773011 0.634393
v -0.025981 0.784606 0.643909
v -0.015000 0.793094 0.650875
v -0.000000 0.728320 0.728320
v 0.015000 0.725478 0.725478
v 0.025981 0.717714 0.717713
v 0.030000 0.707107 0.707107
v 0.025981 0.696500 0.696500
v 0.015000 0.688736 0.688735
v -0.000000 0.685894 0.685893
v -0.015000 0.688736 0.688735
v -0.025981 0.696500 0.696500
v -0.030000 0.707107 0.707107
v -0.025981 0.717714 0.717713
v -0.015000 0.725478 0.725478
v -0.000000 0.653425 0.796201
v 0.015000 0.650875 0.793094
v 0.025981 0.643909 0.784606
v 0.030000 0.634393 0.773010
v 0.025981 0.624877 0.761415
v 0.015000 0.617911 0.752927
v -0.000000 0.615362 0.749820
v -0.015000 0.617911 0.752927
v -0.025981 0.624877 0.761415
v -0.030000 0.634393 0.773010
v -0.025981 0.643909 0.784606
v -0.015000 0.650875 0.793094
v -0.000000 0.572238 0.856413
v 0.015000 0.570005 0.853071
v 0.025981 0.563904 0.843941
v 0.030000 0.555571 0.831469
v 0.025981 0.547237 0.818997
v 0.015000 0.541137 0.809867
v -0.000000 0.538904 0.806525
v -0.015000 0.541137 0.809867
v -0.025981 0.547237 0.818997
v -0.030000 0.555571 0.831469
v -0.025981 0.563904 0.843941
v -0.015000 0.570005 0.853071
v -0.000000 0.485539 0.908379
v 0.015000 0.483644 0.904834
v 0.025981 0.478468 0.895150
v 0.030000 0.471397 0.881921
v 0.025981 0.464326 0.868692
v 0.015000 0.459150 0.859008
v -0.000000 0.457255 0.855464
v -0.015000 0.459150 0.859008
v -0.025981 0.464326 0.868692
v -0.030000 0.471397 0.881921
v -0.025981 0.478468 0.895150
v -0.015000 0.483644 0.904834
v -0.000000 0.394164 0.951596
v 0.015000 0.392626 0.947883
v 0.025981 0.388424 0.937738
v 0.030000 0.382684 0.923880
v 0.025981 0.376943 0.910021
v 0.015000 0.372741 0.899876
v -0.000000 0.371203 0.896163
v -0.015000 0.372741 0.899876
v -0.025981 0.376943 0.910021
v -0.030000 0.382684 0.923880
v -0.025981 0.388424 0.937738
v -0.015000 0.392626 0.947883
v -0.000000 0.298993 0.985649
v 0.015000 0.297826 0.981802
v 0.025981 0.294639 0.971295
v 0.030000 0.290284 0.956940
v 0.025981 0.285930 0.942586
v 0.015000 0.282743 0.932078
v -0.000000 0.281576 0.928232
v -0.015000 0.282743 0.932078
v -0.025981 0.285930 0.942586
v -0.030000 0.290284 0.956940
v -0.025981 0.294639 0.971295
v -0.015000 0.297826 0.981802
v -0.000000 0.200944 1.010209
v 0.015000 0.200159 1.006267
v 0.025981 0.198017 0.995497
v 0.030000 0.195091 0.980785
v 0.025981 0.192164 0.966073
v 0.015000 0.190022 0.955304
v -0.000000 0.189238 0.951362
v -0.015000 0.190022 0.955304
v -0.025981 0.192164 0.966073
v -0.030000 0.195091 0.980785
v -0.025981 0.198017 0.995497
v -0.015000 0.200159 1.006267
v -0.000000 0.100958 1.025040
v 0.015000 0.100564 1.021040
v 0.025981 0.099488 1.010113
v 0.030000 0.098017 0.995185
v 0.025981 0.096547 0.980257
v 0.015000 0.095471 0.969329
v -0.000000 0.095077 0.965329
v -0.015000 0.095471 0.969329
v -0.025981 0.096547 0.980257
v -0.030000 0.098017 0.995185
v -0.025981 0.099488 1.010113
v -0.015000 0.100564 1.021040
v 0.000000 -0.000000 1.030000
v 0.015000 -0.000000 1.025981
v 0.025981 -0.000000 1.015000
v 0.030000 -0.000000 1.000000
v 0.025981 -0.000000 0.985000
v 0.015000 -0.000000 0.974019
v 0.000000 -0.000000 0.970000
v -0.015000 -0.000000 0.974019
v -0.025981 -0.000000 0.985000
v -0.030000 -0.000000 1.000000
v -0.025981 -0.000000 1.015000
v -0.015000 -0.000000 1.025981
v 0.000000 -0.100957 1.025040
v 0.015000 -0.100563 1.021040
v 0.025981 -0.099487 1.010113
v 0.030000 -0.098017 0.995185
v 0.025981 -0.096546 0.980257
v 0.015000 -0.095470 0.969329
v 0.000000 -0.095076 0.965329
v -0.015000 -0.095470 0.969329
v -0.025981 -0.096546 0.980257
v -0.030000 -0.098017 0.995185
v -0.025981 -0.099487 1.010113
v -0.015000 -0.100563 1.021040
v 0.000000 -0.200943 1.010209
v 0.015000 -0.200159 1.006267
v 0.025981 -0.198016 0.995497
v 0.030000 -0.195090 0.980785
v 0.025981 -0.192164 0.966074
v 0.015000 -0.190021 0.955304
v 0.000000 -0.189237 0.951362
v -0.015000 -0.190021 0.955304
v -0.025981 -0.192164 0.966074
v -0.030000 -0.195090 0.980785
v -0.025981 -0.198016 0.995497
v -0.015000 -0.200159 1.006267
v 0.000000 -0.298993 0.985649
v 0.015000 -0.297826 0.981802
v 0.025981 -0.294639 0.971294
v 0.030000 -0.290285 0.956940
v 0.025981 -0.285930 0.942586
v 0.015000 -0.282743 0.932078
v 0.000000 -0.281576 0.928232
v -0.015000 -0.282743 0.932078
v -0.025981 -0.285930 0.942586
v -0.030000 -0.290285 0.956940
v -0.025981 -0.294639 0.971294
v -0.015000 -0.297826 0.981802
v 0.000000 -0.394164 0.951596
v 0.015000 -0.392626 0.947882
v 0.025981 -0.388424 0.937738
v 0.030000 -0.382684 0.923879
v 0.025981 -0.376943 0.910021
v 0.015000 -0.372741 0.899876
v 0.000000 -0.371203 0.896163
v -0.015000 -0.372741 0.899876
v -0.025981 -0.376943 0.910021
v -0.030000 -0.382684 0.923879
v -0.025981 -0.388424 0.937738
v -0.015000 -0.392626 0.947882
v 0.000000 -0.485538 0.908379
v 0.015000 -0.483644 0.904834
v 0.025981 -0.478467 0.895150
v 0.030000 -0.471396 0.881921
v 0.025981 -0.464325 0.868693
v 0.015000 -0.459149 0.859008
v 0.000000 -0.457254 0.855464
v -0.015000 -0.459149 0.859008
v -0.025981 -0.464325 0.868693
v -0.030000 -0.471396 0.881921
v -0.025981 -0.478467 0.895150
v -0.015000 -0.483644 0.904834
v 0.000000 -0.572237 0.856414
v 0.015000 -0.570004 0.853072
v 0.025981 -0.563904 0.843942
v 0.030000 -0.555570 0.831470
v 0.025981 -0.547237 0.818998
v 0.015000 -0.541136 0.809868
v 0.000000 -0.538903 0.806526
v -0.015000 -0.541136 0.809868
v -0.025981 -0.547237 0.818998
v -0.030000 -0.555570 0.831470
v -0.025981 -0.563904 0.843942
v -0.015000 -0.570004 0.853072
v 0.000000 -0.653425 0.796201
v 0.015000 -0.650875 0.793094
v 0.025981 -0.643909 0.784606
v 0.030000 -0.634393 0.773010
v 0.025981 -0.624878 0.761415
v 0.015000 -0.617911 0.752927
v 0.000000 -0.615362 0.749820
v -0.015000 -0.617911 0.752927
v -0.025981 -0.624878 0.761415
v -0.030000 -0.634393 0.773010
v -0.025981 -0.643909 0.784606
v -0.015000 -0.650875 0.793094
v 0.000000 -0.728320 0.728320
v 0.015000 -0.725478 0.725478
v 0.025981 -0.717713 0.717714
v 0.030000 -0.707106 0.707107
v 0.025981 -0.696500 0.696501
v 0.015000 -0.688735 0.688736
v 0.000000 -0.685893 0.685894
v -0.015000 -0.688735 0.688736
v -0.025981 -0.696500 0.696501
v -0.030000 -0.707106 0.707107
v -0.025981 -0.717713 0.717714
v -0.015000 -0.725478 0.725478
v 0.000000 -0.796201 0.653425
v 0.015000 -0.793094 0.650876
v 0.025981 -0.784605 0.643909
v 0.030000 -0.773010 0.634394
v 0.025981 -0.761415 0.624878
v 0.015000 -0.752927 0.617911
v 0.000000 -0.749820 0.615362
v -0.015000 -0.752927 0.617911
v -0.025981 -0.761415 0.624878
v -0.030000 -0.773010 0.634394
v -0.025981 -0.784605 0.643909
v -0.015000 -0.793094 0.650876
v 0.000000 -0.856414 0.572237
v 0.015000 -0.853072 0.570004
v 0.025981 -0.843942 0.563904
v 0.030000 -0.831470 0.555570
v 0.025981 -0.818998 0.547237
v 0.015000 -0.809867 0.541136
v 0.000000 -0.806526 0.538903
v -0.015000 -0.809867 0.541136
v -0.025981 -0.818998 0.547237
v -0.030000 -0.831470 0.555570
v -0.025981 -0.843942 0.563904
v -0.015000 -0.853072 0.570004
v 0.000000 -0.908379 0.485538
v 0.015000 -0.904834 0.483644
v 0.025981 -0.895150 0.478467
v 0.030000 -0.881921 0.471397
v 0.025981 -0.868693 0.464326
v 0.015000 -0.859008 0.459149
v 0.000000 -0.855464 0.457255
v -0.015000 -0.859008 0.459149
v -0.025981 -0.868693 0.464326
v -0.030000 -0.881921 0.471397
v -0.025981 -0.895150 0.478467
v -0.015000 -0.904834 0.483644
v 0.000000 -0.951596 0.394164
v 0.015000 -0.947882 0.392626
v 0.025981 -0.937738 0.388424
v 0.030000 -0.923879 0.382684
v 0.025981 -0.910021 0.376944
v 0.015000 -0.899876 0.372741
v 0.000000 -0.896163 0.371203
v -0.015000 -0.899876 0.372741
v -0.025981 -0.910021 0.376944
v -0.030000 -0.923879 0.382684
v -0.025981 -0.937738 0.388424
v -0.015000 -0.947882 0.392626
v 0.000000 -0.985648 0.298993
v 0.015000 -0.981802 0.297827
v 0.025981 -0.971294 0.294639
v 0.030000 -0.956940 0.290285
v 0.025981 -0.942586 0.285931
v 0.015000 -0.932078 0.282743
v 0.000000 -0.928232 0.281576
v -0.015000 -0.932078 0.282743
v -0.025981 -0.942586 0.285931
v -0.030000 -0.956940 0.290285
v -0.025981 -0.971294 0.294639
v -0.015000 -0.981802 0.297827
v 0.000000 -1.010209 0.200943
v 0.015000 -1.006267 0.200159
v 0.025981 -0.995497 0.198017
v 0.030000 -0.980785 0.195090
v 0.025981 -0.966074 0.192164
v 0.015000 -0.955304 0.190022
v 0.000000 -0.951362 0.189237
v -0.015000 -0.955304 0.190022
v -0.025981 -0.966074 0.192164
v -0.030000 -0.980785 0.195090
v -0.025981 -0.995497 0.198017
v -0.015000 -1.006267 0.200159
v 0.000000 -1.025040 0.100958
v 0.015000 -1.021040 0.100564
v 0.025981 -1.010112 0.099488
v 0.030000 -0.995185 0.098018
v 0.025981 -0.980257 0.096547
v 0.015000 -0.969329 0.095471
v 0.000000 -0.965329 0.095077
v -0.015000 -0.969329 0.095471
v -0.025981 -0.980257 0.096547
v -0.030000 -0.995185 0.098018
v -0.025981 -1.010112 0.099488
v -0.015000 -1.021040 0.100564
usemtl Rotate_X
s 1
f 13 2 1
f 2 15 3
f 15 4 3
f 16 5 4
f 5 18 6
f 18 7 6
f 19 8 7
f 20 9 8
f 21 10 9
f 10 23 11
f 23 12 11
f 24 1 12
f 25 14 13
f 14 27 15
f 27 16 15
f 16 29 17
f 29 18 17
f 30 19 18
f 19 32 20
f 32 21 20
f 33 22 21
f 22 35 23
f 35 24 23
f 24 25 13
f 37 26 25
f 26 39 27
f 27 40 28
f 28 41 29
f 41 30 29
f 42 31 30
f 43 32 31
f 44 33 32
f 45 34 33
f 46 35 34
f 47 36 35
f 48 25 36
f 49 38 37
f 38 51 39
f 51 40 39
f 52 41 40
f 41 54 42
f 42 55 43
f 55 44 43
f 56 45 44
f 45 58 46
f 58 47 46
f 59 48 47
f 60 37 48
f 61 50 49
f 50 63 51
f 63 52 51
f 52 65 53
f 53 66 54
f 66 55 54
f 55 68 56
f 68 57 56
f 69 58 57
f 70 59 58
f 71 60 59
f 72 49 60
f 73 62 61
f 74 63 62
f 75 64 63
f 64 77 65
f 65 78 66
f 78 67 66
f 67 80 68
f 80 69 68
f 81 70 69
f 82 71 70
f 71 84 72
f 72 73 61
f 85 74 73
f 86 75 74
f 75 88 76
f 76 89 77
f 89 78 77
f 90 79 78
f 79 92 80
f 92 81 80
f 93 82 81
f 94 83 82
f 95 84 83
f 84 85 73
f 97 86 85
f 98 87 86
f 99 88 87
f 100 89 88
f 89 102 90
f 102 91 90
f 103 92 91
f 104 93 92
f 93 106 94
f 94 107 95
f 107 96 95
f 96 97 85
f 109 98 97
f 110 99 98
f 99 112 100
f 100 113 101
f 113 102 101
f 102 115 103
f 115 104 103
f 104 117 105
f 117 106 105
f 118 107 106
f 119 108 107
f 120 97 108
f 109 122 110
f 110 123 111
f 123 112 111
f 124 113 112
f 125 114 113
f 114 127 115
f 127 116 115
f 116 129 117
f 117 130 118
f 130 119 118
f 131 120 119
f 132 109 120
f 121 134 122
f 134 123 122
f 135 124 123
f 136 125 124
f 137 126 125
f 126 139 127
f 139 128 127
f 128 141 129
f 129 142 130
f 142 131 130
f 131 144 132
f 144 121 132
f 133 146 134
f 146 135 134
f 135 148 136
f 136 149 137
f 149 138 137
f 138 151 139
f 151 140 139
f 140 153 141
f 153 142 141
f 154 143 142
f 155 144 143
f 156 133 144
f 157 146 145
f 146 159 147
f 159 148 147
f 160 149 148
f 161 150 149
f 162 151 150
f 163 152 151
f 152 165 153
f 165 154 153
f 154 167 155
f 167 156 155
f 156 157 145
f 169 158 157
f 158 171 159
f 171 160 159
f 172 161 160
f 161 174 162
f 174 163 162
f 163 176 164
f 176 165 164
f 177 166 165
f 166 179 167
f 179 168 167
f 168 169 157
f 181 170 169
f 182 171 170
f 171 184 172
f 184 173 172
f 173 186 174
f 174 187 175
f 187 176 175
f 188 177 176
f 189 178 177
f 190 179 178
f 191 180 179
f 180 181 169
f 193 182 181
f 194 183 182
f 195 184 183
f 196 185 184
f 197 186 185
f 186 199 187
f 199 188 187
f 200 189 188
f 189 202 190
f 202 191 190
f 191 204 192
f 204 181 192
f 193 206 194
f 194 207 195
f 195 208 196
f 208 197 196
f 209 198 197
f 210 199 198
f 211 200 199
f 212 201 200
f 213 202 201
f 214 203 202
f 215 204 203
f 216 193 204
f 217 206 205
f 218 207 206
f 219 208 207
f 220 209 208
f 221 210 209
f 222 211 210
f 223 212 211
f 224 213 212
f 225 214 213
f 214 227 215
f 227 216 215
f 228 205 216
f 217 230 218
f 218 231 219
f 219 232 220
f 232 221 220
f 233 222 221
f 222 235 223
f 235 224 223
f 224 237 225
f 225 238 226
f 238 227 226
f 239 228 227
f 240 217 228
f 229 242 230
f 242 231 230
f 231 244 232
f 244 233 232
f 245 234 233
f 246 235 234
f 247 236 235
f 248 237 236
f 237 250 238
f 238 251 239
f 251 240 239
f 252 229 240
f 253 242 241
f 254 243 242
f 255 244 243
f 256 245 244
f 245 258 246
f 258 247 246
f 247 260 248
f 260 249 248
f 249 262 250
f 250 263 251
f 251 264 252
f 264 241 252
f 265 254 253
f 254 267 255
f 267 256 255
f 256 269 257
f 269 258 257
f 270 259 258
f 259 272 260
f 272 261 260
f 261 274 262
f 262 275 263
f 275 264 263
f 264 265 253
f 277 266 265
f 278 267 266
f 267 280 268
f 268 281 269
f 269 282 270
f 282 271 270
f 271 284 272
f 284 273 272
f 285 274 273
f 286 275 274
f 275 288 276
f 288 265 276
f 289 278 277
f 290 279 278
f 279 292 280
f 292 281 280
f 293 282 281
f 294 283 282
f 295 284 283
f 284 297 285
f 285 298 286
f 298 287 286
f 287 300 288
f 288 289 277
f 289 302 290
f 290 303 291
f 303 292 291
f 304 293 292
f 293 306 294
f 294 307 295
f 307 296 295
f 308 297 296
f 309 298 297
f 310 299 298
f 311 300 299
f 312 289 300
f 301 314 302
f 302 315 303
f 315 304 303
f 316 305 304
f 305 318 306
f 306 319 307
f 319 308 307
f 320 309 308
f 309 322 310
f 310 323 311
f 323 312 311
f 324 301 312
f 313 326 314
f 326 315 314
f 315 328 316
f 316 329 317
f 329 318 317
f 318 331 319
f 331 320 319
f 320 333 321
f 333 322 321
f 334 323 322
f 323 336 324
f 336 313 324
f 337 326 325
f 338 327 326
f 339 328 327
f 328 341 329
f 341 330 329
f 342 331 330
f 331 344 332
f 332 345 333
f 345 334 333
f 346 335 334
f 335 348 336
f 348 325 336
f 349 338 337
f 350 339 338
f 351 340 339
f 352 341 340
f 353 342 341
f 342 355 343
f 355 344 343
f 344 357 345
f 357 346 345
f 358 347 346
f 359 348 347
f 348 349 337
f 361 350 349
f 350 363 351
f 351 364 352
f 352 365 353
f 353 366 354
f 354 367 355
f 367 356 355
f 368 357 356
f 369 358 357
f 370 359 358
f 371 360 359
f 360 361 349
f 373 362 361
f 362 375 363
f 375 364 363
f 376 365 364
f 377 366 365
f 378 367 366
f 379 368 367
f 380 369 368
f 369 382 370
f 382 371 370
f 383 372 371
f 372 373 361
f 385 374 373
f 386 375 374
f 387 376 375
f 388 377 376
f 389 378 377
f 378 391 379
f 391 380 379
f 380 393 381
f 381 394 382
f 394 383 382
f 395 384 383
f 396 373 384
f 397 386 385
f 398 387 386
f 399 388 387
f 388 401 389
f 389 402 390
f 402 391 390
f 391 404 392
f 404 393 392
f 405 394 393
f 394 407 395
f 407 396 395
f 408 385 396
f 397 410 398
f 410 399 398
f 411 400 399
f 400 413 401
f 413 402 401
f 414 403 402
f 415 404 403
f 416 405 404
f 417 406 405
f 418 407 406
f 407 420 408
f 420 397 408
f 421 410 409
f 422 411 410
f 411 424 412
f 424 413 412
f 425 414 413
f 414 427 415
f 427 416 415
f 416 429 417
f 417 430 418
f 418 431 419
f 419 432 420
f 432 409 420
f 421 434 422
f 434 423 422
f 423 436 424
f 424 437 425
f 425 438 426
f 426 439 427
f 439 428 427
f 440 429 428
f 441 430 429
f 442 431 430
f 431 444 432
f 444 421 432
f 433 446 434
f 434 447 435
f 447 436 435
f 448 437 436
f 449 438 437
f 450 439 438
f 451 440 439
f 440 453 441
f 453 442 441
f 442 455 443
f 455 444 443
f 456 433 444
f 457 446 445
f 446 459 447
f 459 448 447
f 460 449 448
f 449 462 450
f 462 451 450
f 451 464 452
f 464 453 452
f 453 466 454
f 454 467 455
f 467 456 455
f 456 457 445
f 469 458 457
f 470 459 458
f 471 460 459
f 460 473 461
f 473 462 461
f 462 475 463
f 463 476 464
f 476 465 464
f 477 466 465
f 478 467 466
f 479 468 467
f 468 469 457
f 481 470 469
f 482 471 470
f 471 484 472
f 472 485 473
f 473 486 474
f 474 487 475
f 487 476 475
f 476 489 477
f 489 478 477
f 490 479 478
f 491 480 479
f 492 469 480
f 481 494 482
f 494 483 482
f 495 484 483
f 484 497 485
f 485 498 486
f 498 487 486
f 499 488 487
f 500 489 488
f 489 502 490
f 502 491 490
f 503 492 491
f 504 481 492
f 505 494 493
f 494 507 495
f 507 496 495
f 508 497 496
f 509 498 497
f 498 511 499
f 511 500 499
f 512 501 500
f 501 514 502
f 502 515 503
f 515 504 503
f 504 505 493
f 517 506 505
f 518 507 506
f 519 508 507
f 508 521 509
f 521 510 509
f 510 523 511
f 523 512 511
f 512 525 513
f 525 514 513
f 526 515 514
f 515 528 516
f 516 517 505
f 529 518 517
f 530 519 518
f 519 532 520
f 520 533 521
f 533 522 521
f 534 523 522
f 535 524 523
f 524 537 525
f 537 526 525
f 538 527 526
f 539 528 527
f 528 529 517
f 541 530 529
f 542 531 530
f 543 532 531
f 532 545 533
f 545 534 533
f 534 547 535
f 535 548 536
f 536 549 537
f 549 538 537
f 550 539 538
f 539 552 540
f 540 541 529
f 553 542 541
f 542 555 543
f 555 544 543
f 556 545 544
f 557 546 545
f 558 547 546
f 547 560 548
f 560 549 548
f 561 550 549
f 550 563 551
f 563 552 551
f 564 541 552
f 553 566 554
f 566 555 554
f 555 568 556
f 568 557 556
f 569 558 557
f 570 559 558
f 571 560 559
f 572 561 560
f 561 574 562
f 574 563 562
f 563 576 564
f 576 553 564
f 577 566 565
f 578 567 566
f 579 568 567
f 580 569 568
f 581 570 569
f 582 571 570
f 583 572 571
f 584 573 572
f 585 574 573
f 574 587 575
f 575 588 576
f 576 577 565
f 589 578 577
f 590 579 578
f 591 580 579
f 592 581 580
f 593 582 581
f 594 583 582
f 595 584 583
f 596 585 584
f 597 586 585
f 598 587 586
f 599 588 587
f 600 577 588
f 589 602 590
f 602 591 590
f 603 592 591
f 592 605 593
f 605 594 593
f 606 595 594
f 607 596 595
f 596 609 597
f 609 598 597
f 598 611 599
f 599 612 600
f 612 589 600
f 601 614 602
f 602 615 603
f 603 616 604
f 616 605 604
f 617 606 605
f 618 607 606
f 619 608 607
f 608 621 609
f 621 610 609
f 622 611 610
f 623 612 611
f 624 601 612
f 613 626 614
f 626 615 614
f 615 628 616
f 628 617 616
f 617 630 618
f 630 619 618
f 631 620 619
f 632 621 620
f 633 622 621
f 634 623 622
f 623 636 624
f 636 613 624
f 625 638 626
f 626 639 627
f 639 628 627
f 640 629 628
f 629 642 630
f 630 643 631
f 643 632 631
f 644 633 632
f 645 634 633
f 634 647 635
f 647 636 635
f 648 625 636
f 649 638 637
f 638 651 639
f 651 640 639
f 640 653 641
f 641 654 642
f 654 643 642
f 655 644 643
f 656 645 644
f 657 646 645
f 646 659 647
f 659 648 647
f 648 649 637
f 661 650 649
f 662 651 650
f 663 652 651
f 664 653 652
f 653 666 654
f 666 655 654
f 655 668 656
f 668 657 656
f 657 670 658
f 658 671 659
f 659 672 660
f 660 661 649
f 661 674 662
f 674 663 662
f 675 664 663
f 664 677 665
f 665 678 666
f 678 667 666
f 667 680 668
f 680 669 668
f 681 670 669
f 682 671 670
f 683 672 671
f 684 661 672
f 673 686 674
f 686 675 674
f 687 676 675
f 676 689 677
f 689 678 677
f 690 679 678
f 679 692 680
f 692 681 680
f 693 682 681
f 694 683 682
f 683 696 684
f 696 673 684
f 685 698 686
f 698 687 686
f 687 700 688
f 700 689 688
f 701 690 689
f 690 703 691
f 703 692 691
f 692 705 693
f 693 706 694
f 706 695 694
f 695 708 696
f 708 685 696
f 697 710 698
f 710 699 698
f 699 712 700
f 700 713 701
f 713 702 701
f 702 715 703
f 715 704 703
f 704 717 705
f 717 706 705
f 718 707 706
f 719 708 707
f 720 697 708
f 721 710 709
f 722 711 710
f 711 724 712
f 724 713 712
f 725 714 713
f 726 715 714
f 715 728 716
f 728 717 716
f 717 730 718
f 730 719 718
f 731 720 719
f 732 709 720
f 733 722 721
f 734 723 722
f 723 736 724
f 736 725 724
f 737 726 725
f 738 727 726
f 739 728 727
f 740 729 728
f 729 742 730
f 742 731 730
f 731 744 732
f 744 721 732
f 745 734 733
f 746 735 734
f 747 736 735
f 748 737 736
f 737 750 738
f 750 739 738
f 751 740 739
f 752 741 740
f 753 742 741
f 754 743 742
f 755 744 743
f 744 745 733
f 757 746 745
f 758 747 746
f 759 748 747
f 760 749 748
f 749 762 750
f 762 751 750
f 751 764 752
f 764 753 752
f 753 766 754
f 754 767 755
f 767 756 755
f 756 757 745
f 1 758 757
f 2 759 758
f 759 4 760
f 4 761 760
f 5 762 761
f 6 763 762
f 7 764 763
f 8 765 764
f 9 766 765
f 10 767 766
f 11 768 767
f 12 757 768
f 13 14 2
f 2 14 15
f 15 16 4
f 16 17 5
f 5 17 18
f 18 19 7
f 19 20 8
f 20 21 9
f 21 22 10
f 10 22 23
f 23 24 12
f 24 13 1
f 25 26 14
f 14 26 27
f 27 28 16
f 16 28 29
f 29 30 18
f 30 31 19
f 19 31 32
f 32 33 21
f 33 34 22
f 22 34 35
f 35 36 24
f 24 36 25
f 37 38 26
f 26 38 39
f 27 39 40
f 28 40 41
f 41 42 30
f 42 43 31
f 43 44 32
f 44 45 33
f 45 46 34
f 46 47 35
f 47 48 36
f 48 37 25
f 49 50 38
f 38 50 51
f 51 52 40
f 52 53 41
f 41 53 54
f 42 54 55
f 55 56 44
f 56 57 45
f 45 57 58
f 58 59 47
f 59 60 48
f 60 49 37
f 61 62 50
f 50 62 63
f 63 64 52
f 52 64 65
f 53 65 66
f 66 67 55
f 55 67 68
f 68 69 57
f 69 70 58
f 70 71 59
f 71 72 60
f 72 61 49
f 73 74 62
f 74 75 63
f 75 76 64
f 64 76 77
f 65 77 78
f 78 79 67
f 67 79 80
f 80 81 69
f 81 82 70
f 82 83 71
f 71 83 84
f 72 84 73
f 85 86 74
f 86 87 75
f 75 87 88
f 76 88 89
f 89 90 78
f 90 91 79
f 79 91 92
f 92 93 81
f 93 94 82
f 94 95 83
f 95 96 84
f 84 96 85
f 97 98 86
f 98 99 87
f 99 100 88
f 100 101 89
f 89 101 102
f 102 103 91
f 103 104 92
f 104 105 93
f 93 105 106
f 94 106 107
f 107 108 96
f 96 108 97
f 109 110 98
f 110 111 99
f 99 111 112
f 100 112 113
f 113 114 102
f 102 114 115
f 115 116 104
f 104 116 117
f 117 118 106
f 118 119 107
f 119 120 108
f 120 109 97
f 109 121 122
f 110 122 123
f 123 124 112
f 124 125 113
f 125 126 114
f 114 126 127
f 127 128 116
f 116 128 129
f 117 129 130
f 130 131 119
f 131 132 120
f 132 121 109
f 121 133 134
f 134 135 123
f 135 136 124
f 136 137 125
f 137 138 126
f 126 138 139
f 139 140 128
f 128 140 141
f 129 141 142
f 142 143 131
f 131 143 144
f 144 133 121
f 133 145 146
f 146 147 135
f 135 147 148
f 136 148 149
f 149 150 138
f 138 150 151
f 151 152 140
f 140 152 153
f 153 154 142
f 154 155 143
f 155 156 144
f 156 145 133
f 157 158 146
f 146 158 159
f 159 160 148
f 160 161 149
f 161 162 150
f 162 163 151
f 163 164 152
f 152 164 165
f 165 166 154
f 154 166 167
f 167 168 156
f 156 168 157
f 169 170 158
f 158 170 171
f 171 172 160
f 172 173 161
f 161 173 174
f 174 175 163
f 163 175 176
f 176 177 165
f 177 178 166
f 166 178 179
f 179 180 168
f 168 180 169
f 181 182 170
f 182 183 171
f 171 183 184
f 184 185 173
f 173 185 186
f 174 186 187
f 187 188 176
f 188 189 177
f 189 190 178
f 190 191 179
f 191 192 180
f 180 192 181
f 193 194 182
f 194 195 183
f 195 196 184
f 196 197 185
f 197 198 186
f 186 198 199
f 199 200 188
f 200 201 189
f 189 201 202
f 202 203 191
f 191 203 204
f 204 193 181
f 193 205 206
f 194 206 207
f 195 207 208
f 208 209 197
f 209 210 198
f 210 211 199
f 211 212 200
f 212 213 201
f 213 214 202
f 214 215 203
f 215 216 204
f 216 205 193
f 217 218 206
f 218 219 207
f 219 220 208
f 220 221 209
f 221 222 210
f 222 223 211
f 223 224 212
f 224 225 213
f 225 226 214
f 214 226 227
f 227 228 216
f 228 217 205
f 217 229 230
f 218 230 231
f 219 231 232
f 232 233 221
f 233 234 222
f 222 234 235
f 235 236 224
f 224 236 237
f 225 237 238
f 238 239 227
f 239 240 228
f 240 229 217
f 229 241 242
f 242 243 231
f 231 243 244
f 244 245 233
f 245 246 234
f 246 247 235
f 247 248 236
f 248 249 237
f 237 249 250
f 238 250 251
f 251 252 240
f 252 241 229
f 253 254 242
f 254 255 243
f 255 256 244
f 256 257 245
f 245 257 258
f 258 259 247
f 247 259 260
f 260 261 249
f 249 261 262
f 250 262 263
f 251 263 264
f 264 253 241
f 265 266 254
f 254 266 267
f 267 268 256
f 256 268 269
f 269 270 258
f 270 271 259
f 259 271 272
f 272 273 261
f 261 273 274
f 262 274 275
f 275 276 264
f 264 276 265
f 277 278 266
f 278 279 267
f 267 279 280
f 268 280 281
f 269 281 282
f 282 283 271
f 271 283 284
f 284 285 273
f 285 286 274
f 286 287 275
f 275 287 288
f 288 277 265
f 289 290 278
f 290 291 279
f 279 291 292
f 292 293 281
f 293 294 282
f 294 295 283
f 295 296 284
f 284 296 297
f 285 297 298
f 298 299 287
f 287 299 300
f 288 300 289
f 289 301 302
f 290 302 303
f 303 304 292
f 304 305 293
f 293 305 306
f 294 306 307
f 307 308 296
f 308 309 297
f 309 310 298
f 310 311 299
f 311 312 300
f 312 301 289
f 301 313 314
f 302 314 315
f 315 316 304
f 316 317 305
f 305 317 318
f 306 318 319
f 319 320 308
f 320 321 309
f 309 321 322
f 310 322 323
f 323 324 312
f 324 313 301
f 313 325 326
f 326 327 315
f 315 327 328
f 316 328 329
f 329 330 318
f 318 330 331
f 331 332 320
f 320 332 333
f 333 334 322
f 334 335 323
f 323 335 336
f 336 325 313
f 337 338 326
f 338 339 327
f 339 340 328
f 328 340 341
f 341 342 330
f 342 343 331
f 331 343 344
f 332 344 345
f 345 346 334
f 346 347 335
f 335 347 348
f 348 337 325
f 349 350 338
f 350 351 339
f 351 352 340
f 352 353 341
f 353 354 342
f 342 354 355
f 355 356 344
f 344 356 357
f 357 358 346
f 358 359 347
f 359 360 348
f 348 360 349
f 361 362 350
f 350 362 363
f 351 363 364
f 352 364 365
f 353 365 366
f 354 366 367
f 367 368 356
f 368 369 357
f 369 370 358
f 370 371 359
f 371 372 360
f 360 372 361
f 373 374 362
f 362 374 375
f 375 376 364
f 376 377 365
f 377 378 366
f 378 379 367
f 379 380 368
f 380 381 369
f 369 381 382
f 382 383 371
f 383 384 372
f 372 384 373
f 385 386 374
f 386 387 375
f 387 388 376
f 388 389 377
f 389 390 378
f 378 390 391
f 391 392 380
f 380 392 393
f 381 393 394
f 394 395 383
f 395 396 384
f 396 385 373
f 397 398 386
f 398 399 387
f 399 400 388
f 388 400 401
f 389 401 402
f 402 403 391
f 391 403 404
f 404 405 393
f 405 406 394
f 394 406 407
f 407 408 396
f 408 397 385
f 397 409 410
f 410 411 399
f 411 412 400
f 400 412 413
f 413 414 402
f 414 415 403
f 415 416 404
f 416 417 405
f 417 418 406
f 418 419 407
f 407 419 420
f 420 409 397
f 421 422 410
f 422 423 411
f 411 423 424
f 424 425 413
f 425 426 414
f 414 426 427
f 427 428 416
f 416 428 429
f 417 429 430
f 418 430 431
f 419 431 432
f 432 421 409
f 421 433 434
f 434 435 423
f 423 435 436
f 424 436 437
f 425 437 438
f 426 438 439
f 439 440 428
f 440 441 429
f 441 442 430
f 442 443 431
f 431 443 444
f 444 433 421
f 433 445 446
f 434 446 447
f 447 448 436
f 448 449 437
f 449 450 438
f 450 451 439
f 451 452 440
f 440 452 453
f 453 454 442
f 442 454 455
f 455 456 444
f 456 445 433
f 457 458 446
f 446 458 459
f 459 460 448
f 460 461 449
f 449 461 462
f 462 463 451
f 451 463 464
f 464 465 453
f 453 465 466
f 454 466 467
f 467 468 456
f 456 468 457
f 469 470 458
f 470 471 459
f 471 472 460
f 460 472 473
f 473 474 462
f 462 474 475
f 463 475 476
f 476 477 465
f 477 478 466
f 478 479 467
f 479 480 468
f 468 480 469
f 481 482 470
f 482 483 471
f 471 483 484
f 472 484 485
f 473 485 486
f 474 486 487
f 487 488 476
f 476 488 489
f 489 490 478
f 490 491 479
f 491 492 480
f 492 481 469
f 481 493 494
f 494 495 483
f 495 496 484
f 484 496 497
f 485 497 498
f 498 499 487
f 499 500 488
f 500 501 489
f 489 501 502
f 502 503 491
f 503 504 492
f 504 493 481
f 505 506 494
f 494 506 507
f 507 508 496
f 508 509 497
f 509 510 498
f 498 510 511
f 511 512 500
f 512 513 501
f 501 513 514
f 502 514 515
f 515 516 504
f 504 516 505
f 517 518 506
f 518 519 507
f 519 520 508
f 508 520 521
f 521 522 510
f 510 522 523
f 523 524 512
f 512 524 525
f 525 526 514
f 526 527 515
f 515 527 528
f 516 528 517
f 529 530 518
f 530 531 519
f 519 531 532
f 520 532 533
f 533 534 522
f 534 535 523
f 535 536 524
f 524 536 537
f 537 538 526
f 538 539 527
f 539 540 528
f 528 540 529
f 541 542 530
f 542 543 531
f 543 544 532
f 532 544 545
f 545 546 534
f 534 546 547
f 535 547 548
f 536 548 549
f 549 550 538
f 550 551 539
f 539 551 552
f 540 552 541
f 553 554 542
f 542 554 555
f 555 556 544
f 556 557 545
f 557 558 546
f 558 559 547
f 547 559 560
f 560 561 549
f 561 562 550
f 550 562 563
f 563 564 552
f 564 553 541
f 553 565 566
f 566 567 555
f 555 567 568
f 568 569 557
f 569 570 558
f 570 571 559
f 571 572 560
f 572 573 561
f 561 573 574
f 574 575 563
f 563 575 576
f 576 565 553
f 577 578 566
f 578 579 567
f 579 580 568
f 580 581 569
f 581 582 570
f 582 583 571
f 583 584 572
f 584 585 573
f 585 586 574
f 574 586 587
f 575 587 588
f 576 588 577
f 589 590 578
f 590 591 579
f 591 592 580
f 592 593 581
f 593 594 582
f 594 595 583
f 595 596 584
f 596 597 585
f 597 598 586
f 598 599 587
f 599 600 588
f 600 589 577
f 589 601 602
f 602 603 591
f 603 604 592
f 592 604 605
f 605 606 594
f 606 607 595
f 607 608 596
f 596 608 609
f 609 610 598
f 598 610 611
f 599 611 612
f 612 601 589
f 601 613 614
f 602 614 615
f 603 615 616
f 616 617 605
f 617 618 606
f 618 619 607
f 619 620 608
f 608 620 621
f 621 622 610
f 622 623 611
f 623 624 612
f 624 613 601
f 613 625 626
f 626 627 615
f 615 627 628
f 628 629 617
f 617 629 630
f 630 631 619
f 631 632 620
f 632 633 621
f 633 634 622
f 634 635 623
f 623 635 636
f 636 625 613
f 625 637 638
f 626 638 639
f 639 640 628
f 640 641 629
f 629 641 642
f 630 642 643
f 643 644 632
f 644 645 633
f 645 646 634
f 634 646 647
f 647 648 636
f 648 637 625
f 649 650 638
f 638 650 651
f 651 652 640
f 640 652 653
f 641 653 654
f 654 655 643
f 655 656 644
f 656 657 645
f 657 658 646
f 646 658 659
f 659 660 648
f 648 660 649
f 661 662 650
f 662 663 651
f 663 664 652
f 664 665 653
f 653 665 666
f 666 667 655
f 655 667 668
f 668 669 657
f 657 669 670
f 658 670 671
f 659 671 672
f 660 672 661
f 661 673 674
f 674 675 663
f 675 676 664
f 664 676 677
f 665 677 678
f 678 679 667
f 667 679 680
f 680 681 669
f 681 682 670
f 682 683 671
f 683 684 672
f 684 673 661
f 673 685 686
f 686 687 675
f 687 688 676
f 676 688 689
f 689 690 678
f 690 691 679
f 679 691 692
f 692 693 681
f 693 694 682
f 694 695 683
f 683 695 696
f 696 685 673
f 685 697 698
f 698 699 687
f 687 699 700
f 700 701 689
f 701 702 690
f 690 702 703
f 703 704 692
f 692 704 705
f 693 705 706
f 706 707 695
f 695 707 708
f 708 697 685
f 697 709 710
f 710 711 699
f 699 711 712
f 700 712 713
f 713 714 702
f 702 714 715
f 715 716 704
f 704 716 717
f 717 718 706
f 718 719 707
f 719 720 708
f 720 709 697
f 721 722 710
f 722 723 711
f 711 723 724
f 724 725 713
f 725 726 714
f 726 727 715
f 715 727 728
f 728 729 717
f 717 729 730
f 730 731 719
f 731 732 720
f 732 721 709
f 733 734 722
f 734 735 723
f 723 735 736
f 736 737 725
f 737 738 726
f 738 739 727
f 739 740 728
f 740 741 729
f 729 741 742
f 742 743 731
f 731 743 744
f 744 733 721
f 745 746 734
f 746 747 735
f 747 748 736
f 748 749 737
f 737 749 750
f 750 751 739
f 751 752 740
f 752 753 741
f 753 754 742
f 754 755 743
f 755 756 744
f 744 756 745
f 757 758 746
f 758 759 747
f 759 760 748
f 760 761 749
f 749 761 762
f 762 763 751
f 751 763 764
f 764 765 753
f 753 765 766
f 754 766 767
f 767 768 756
f 756 768 757
f 1 2 758
f 2 3 759
f 759 3 4
f 4 5 761
f 5 6 762
f 6 7 763
f 7 8 764
f 8 9 765
f 9 10 766
f 10 11 767
f 11 12 768
f 12 1 757
o Rotate_Z
v 1.030000 0.000000 0.000000
v 1.025981 -0.000000 -0.015000
v 1.015000 -0.000000 -0.025981
v 1.000000 -0.000000 -0.030000
v 0.985000 -0.000000 -0.025981
v 0.974019 -0.000000 -0.015000
v 0.970000 -0.000000 -0.000000
v 0.974019 0.000000 0.015000
v 0.985000 0.000000 0.025981
v 1.000000 0.000000 0.030000
v 1.015000 0.000000 0.025981
v 1.025981 0.000000 0.015000
v 1.025040 -0.100958 0.000000
v 1.021040 -0.100564 -0.015000
v 1.010113 -0.099487 -0.025981
v 0.995185 -0.098017 -0.030000
v 0.980257 -0.096547 -0.025981
v 0.969329 -0.095471 -0.015000
v 0.965329 -0.095077 0.000000
v 0.969329 -0.095471 0.015000
v 0.980257 -0.096547 0.025981
v 0.995185 -0.098017 0.030000
v 1.010113 -0.099487 0.025981
v 1.021040 -0.100564 0.015000
v 1.010209 -0.200943 0.000000
v 1.006267 -0.200159 -0.015000
v 0.995497 -0.198017 -0.025981
v 0.980785 -0.195090 -0.030000
v 0.966074 -0.192164 -0.025981
v 0.955304 -0.190022 -0.015000
v 0.951362 -0.189238 0.000000
v 0.955304 -0.190022 0.015000
v 0.966074 -0.192164 0.025981
v 0.980785 -0.195090 0.030000
v 0.995497 -0.198017 0.025981
v 1.006267 -0.200159 0.015000
v 0.985648 -0.298993 0.000000
v 0.981802 -0.297827 -0.015000
v 0.971294 -0.294639 -0.025981
v 0.956940 -0.290285 -0.030000
v 0.942586 -0.285931 -0.025981
v 0.932078 -0.282743 -0.015000
v 0.928232 -0.281576 0.000000
v 0.932078 -0.282743 0.015000
v 0.942586 -0.285931 0.025981
v 0.956940 -0.290285 0.030000
v 0.971294 -0.294639 0.025981
v 0.981802 -0.297827 0.015000
v 0.951596 -0.394164 0.000000
v 0.947883 -0.392626 -0.015000
v 0.937738 -0.388424 -0.025981
v 0.923880 -0.382683 -0.030000
v 0.910021 -0.376943 -0.025981
v 0.899876 -0.372741 -0.015000
v 0.896163 -0.371203 0.000000
v 0.899876 -0.372741 0.015000
v 0.910021 -0.376943 0.025981
v 0.923880 -0.382683 0.030000
v 0.937738 -0.388424 0.025981
v 0.947883 -0.392626 0.015000
v 0.908379 -0.485539 0.000000
v 0.904834 -0.483644 -0.015000
v 0.895150 -0.478468 -0.025981
v 0.881921 -0.471397 -0.030000
v 0.868692 -0.464326 -0.025981
v 0.859008 -0.459149 -0.015000
v 0.855464 -0.457255 0.000000
v 0.859008 -0.459149 0.015000
v 0.868692 -0.464326 0.025981
v 0.881921 -0.471397 0.030000
v 0.895150 -0.478468 0.025981
v 0.904834 -0.483644 0.015000
v 0.856414 -0.572237 0.000000
v 0.853072 -0.570004 -0.015000
v 0.843942 -0.563904 -0.025981
v 0.831470 -0.555570 -0.030000
v 0.818998 -0.547237 -0.025981
v 0.809867 -0.541136 -0.015000
v 0.806526 -0.538903 0.000000
v 0.809867 -0.541136 0.015000
v 0.818998 -0.547237 0.025981
v 0.831470 -0.555570 0.030000
v 0.843942 -0.563904 0.025981
v 0.853072 -0.570004 0.015000
v 0.796201 -0.653425 0.000000
v 0.793094 -0.650875 -0.015000
v 0.784606 -0.643909 -0.025981
v 0.773010 -0.634393 -0.030000
v 0.761415 -0.624877 -0.025981
v 0.752927 -0.617911 -0.015000
v 0.749820 -0.615362 0.000000
v 0.752927 -0.617911 0.015000
v 0.761415 -0.624877 0.025981
v 0.773010 -0.634393 0.030000
v 0.784606 -0.643909 0.025981
v 0.793094 -0.650875 0.015000
v 0.728320 -0.728320 0.000000
v 0.725478 -0.725478 -0.015000
v 0.717713 -0.717713 -0.025981
v 0.707107 -0.707107 -0.030000
v 0.696500 -0.696500 -0.025981
v 0.688736 -0.688736 -0.015000
v 0.685894 -0.685894 0.000000
v 0.688736 -0.688736 0.015000
v 0.696500 -0.696500 0.025981
v 0.707107 -0.707107 0.030000
v 0.717713 -0.717713 0.025981
v 0.725478 -0.725478 0.015000
v 0.653425 -0.796201 0.000000
v 0.650875 -0.793094 -0.015000
v 0.643909 -0.784606 -0.025981
v 0.634393 -0.773010 -0.030000
v 0.624878 -0.761415 -0.025981
v 0.617911 -0.752927 -0.015000
v 0.615362 -0.749820 0.000000
v 0.617911 -0.752927 0.015000
v 0.624878 -0.761415 0.025981
v 0.634393 -0.773010 0.030000
v 0.643909 -0.784606 0.025981
v 0.650875 -0.793094 0.015000
v 0.572237 -0.856414 0.000000
v 0.570004 -0.853072 -0.015000
v 0.563904 -0.843942 -0.025981
v 0.555570 -0.831470 -0.030000
v 0.547237 -0.818998 -0.025981
v 0.541136 -0.809868 -0.015000
v 0.538903 -0.806526 0.000000
v 0.541136 -0.809868 0.015000
v 0.547237 -0.818998 0.025981
v 0.555570 -0.831470 0.030000
v 0.563904 -0.843942 0.025981
v 0.570004 -0.853072 0.015000
v 0.485539 -0.908379 0.000000
v 0.483644 -0.904834 -0.015000
v 0.478468 -0.895150 -0.025981
v 0.471397 -0.881921 -0.030000
v 0.464326 -0.868692 -0.025981
v 0.459150 -0.859008 -0.015000
v 0.457255 -0.855464 0.000000
v 0.459150 -0.859008 0.015000
v 0.464326 -0.868692 0.025981
v 0.471397 -0.881921 0.030000
v 0.478468 -0.895150 0.025981
v 0.483644 -0.904834 0.015000
v 0.394164 -0.951596 0.000000
v 0.392626 -0.947882 -0.015000
v 0.388424 -0.937738 -0.025981
v 0.382684 -0.923879 -0.030000
v 0.376943 -0.910021 -0.025981
v 0.372741 -0.899876 -0.015000
v 0.371203 -0.896163 0.000000
v 0.372741 -0.899876 0.015000
v 0.376943 -0.910021 0.025981
v 0.382684 -0.923879 0.030000
v 0.388424 -0.937738 0.025981
v 0.392626 -0.947882 0.015000
v 0.298993 -0.985649 0.000000
v 0.297826 -0.981802 -0.015000
v 0.294639 -0.971294 -0.025981
v 0.290285 -0.956940 -0.030000
v 0.285930 -0.942586 -0.025981
v 0.282743 -0.932078 -0.015000
v 0.281576 -0.928232 0.000000
v 0.282743 -0.932078 0.015000
v 0.285930 -0.942586 0.025981
v 0.290285 -0.956940 0.030000
v 0.294639 -0.971294 0.025981
v 0.297826 -0.981802 0.015000
v 0.200943 -1.010209 0.000000
v 0.200159 -1.006267 -0.015000
v 0.198017 -0.995497 -0.025981
v 0.195090 -0.980785 -0.030000
v 0.192164 -0.966074 -0.025981
v 0.190022 -0.955304 -0.015000
v 0.189238 -0.951362 0.000000
v 0.190022 -0.955304 0.015000
v 0.192164 -0.966074 0.025981
v 0.195090 -0.980785 0.030000
v 0.198017 -0.995497 0.025981
v 0.200159 -1.006267 0.015000
v 0.100958 -1.025040 0.000000
v 0.100564 -1.021040 -0.015000
v 0.099487 -1.010113 -0.025981
v 0.098017 -0.995185 -0.030000
v 0.096547 -0.980257 -0.025981
v 0.095470 -0.969329 -0.015000
v 0.095077 -0.965329 0.000000
v 0.095470 -0.969329 0.015000
v 0.096547 -0.980257 0.025981
v 0.098017 -0.995185 0.030000
v 0.099487 -1.010113 0.025981
v 0.100564 -1.021040 0.015000
v 0.000000 -1.030000 0.000000
v 0.000000 -1.025981 -0.015000
v 0.000000 -1.015000 -0.025981
v 0.000000 -1.000000 -0.030000
v 0.000000 -0.985000 -0.025981
v 0.000000 -0.974019 -0.015000
v 0.000000 -0.970000 0.000000
v 0.000000 -0.974019 0.015000
v 0.000000 -0.985000 0.025981
v 0.000000 -1.000000 0.030000
v 0.000000 -1.015000 0.025981
v 0.000000 -1.025981 0.015000
v -0.100958 -1.025040 0.000000
v -0.100564 -1.021040 -0.015000
v -0.099488 -1.010113 -0.025981
v -0.098017 -0.995185 -0.030000
v -0.096547 -0.980257 -0.025981
v -0.095471 -0.969329 -0.015000
v -0.095077 -0.965329 0.000000
v -0.095471 -0.969329 0.015000
v -0.096547 -0.980257 0.025981
v -0.098017 -0.995185 0.030000
v -0.099488 -1.010113 0.025981
v -0.100564 -1.021040 0.015000
v -0.200943 -1.010209 0.000000
v -0.200159 -1.006267 -0.015000
v -0.198017 -0.995497 -0.025981
v -0.195090 -0.980785 -0.030000
v -0.192164 -0.966074 -0.025981
v -0.190022 -0.955304 -0.015000
v -0.189238 -0.951362 0.000000
v -0.190022 -0.955304 0.015000
v -0.192164 -0.966074 0.025981
v -0.195090 -0.980785 0.030000
v -0.198017 -0.995497 0.025981
v -0.200159 -1.006267 0.015000
v -0.298993 -0.985649 0.000000
v -0.297826 -0.981802 -0.015000
v -0.294639 -0.971295 -0.025981
v -0.290284 -0.956940 -0.030000
v -0.285930 -0.942586 -0.025981
v -0.282743 -0.932078 -0.015000
v -0.281576 -0.928232 0.000000
v -0.282743 -0.932078 0.015000
v -0.285930 -0.942586 0.025981
v -0.290284 -0.956940 0.030000
v -0.294639 -0.971295 0.025981
v -0.297826 -0.981802 0.015000
v -0.394164 -0.951596 0.000000
v -0.392626 -0.947883 -0.015000
v -0.388424 -0.937738 -0.025981
v -0.382684 -0.923880 -0.030000
v -0.376943 -0.910021 -0.025981
v -0.372741 -0.899876 -0.015000
v -0.371203 -0.896163 0.000000
v -0.372741 -0.899876 0.015000
v -0.376943 -0.910021 0.025981
v -0.382684 -0.923880 0.030000
v -0.388424 -0.937738 0.025981
v -0.392626 -0.947883 0.015000
v -0.485539 -0.908379 0.000000
v -0.483644 -0.904834 -0.015000
v -0.478468 -0.895150 -0.025981
v -0.471397 -0.881921 -0.030000
v -0.464326 -0.868692 -0.025981
v -0.459149 -0.859008 -0.015000
v -0.457255 -0.855464 0.000000
v -0.459149 -0.859008 0.015000
v -0.464326 -0.868692 0.025981
v -0.471397 -0.881921 0.030000
v -0.478468 -0.895150 0.025981
v -0.483644 -0.904834 0.015000
v -0.572237 -0.856414 0.000000
v -0.570004 -0.853072 -0.015000
v -0.563904 -0.843942 -0.025981
v -0.555570 -0.831470 -0.030000
v -0.547236 -0.818998 -0.025981
v -0.541136 -0.809868 -0.015000
v -0.538903 -0.806526 0.000000
v -0.541136 -0.809868 0.015000
v -0.547236 -0.818998 0.025981
v -0.555570 -0.831470 0.030000
v -0.563904 -0.843942 0.025981
v -0.570004 -0.853072 0.015000
v -0.653425 -0.796201 0.000000
v -0.650875 -0.793094 -0.015000
v -0.643909 -0.784606 -0.025981
v -0.634393 -0.773010 -0.030000
v -0.624877 -0.761415 -0.025981
v -0.617911 -0.752927 -0.015000
v -0.615362 -0.749820 0.000000
v -0.617911 -0.752927 0.015000
v -0.624877 -0.761415 0.025981
v -0.634393 -0.773010 0.030000
v -0.643909 -0.784606 0.025981
v -0.650875 -0.793094 0.015000
v -0.728320 -0.728320 0.000000
v -0.725478 -0.725478 -0.015000
v -0.717714 -0.717713 -0.025981
v -0.707107 -0.707107 -0.030000
v -0.696500 -0.696500 -0.025981
v -0.688736 -0.688735 -0.015000
v -0.685894 -0.685893 0.000000
v -0.688736 -0.688735 0.015000
v -0.696500 -0.696500 0.025981
v -0.707107 -0.707107 0.030000
v -0.717714 -0.717713 0.025981
v -0.725478 -0.725478 0.015000
v -0.796201 -0.653425 0.000000
v -0.793094 -0.650875 -0.015000
v -0.784606 -0.643909 -0.025981
v -0.773010 -0.634393 -0.030000
v -0.761415 -0.624877 -0.025981
v -0.752927 -0.617911 -0.015000
v -0.749820 -0.615362 0.000000
v -0.752927 -0.617911 0.015000
v -0.761415 -0.624877 0.025981
v -0.773010 -0.634393 0.030000
v -0.784606 -0.643909 0.025981
v -0.793094 -0.650875 0.015000
v -0.856414 -0.572237 0.000000
v -0.853072 -0.570004 -0.015000
v -0.843942 -0.563904 -0.025981
v -0.831470 -0.555570 -0.030000
v -0.818998 -0.547237 -0.025981
v -0.809867 -0.541136 -0.015000
v -0.806525 -0.538903 0.000000
v -0.809867 -0.541136 0.015000
v -0.818998 -0.547237 0.025981
v -0.831470 -0.555570 0.030000
v -0.843942 -0.563904 0.025981
v -0.853072 -0.570004 0.015000
v -0.908379 -0.485539 0.000000
v -0.904834 -0.483644 -0.015000
v -0.895150 -0.478468 -0.025981
v -0.881921 -0.471397 -0.030000
v -0.868693 -0.464326 -0.025981
v -0.859008 -0.459149 -0.015000
v -0.855464 -0.457255 0.000000
v -0.859008 -0.459149 0.015000
v -0.868693 -0.464326 0.025981
v -0.881921 -0.471397 0.030000
v -0.895150 -0.478468 0.025981
v -0.904834 -0.483644 0.015000
v -0.951596 -0.394164 0.000000
v -0.947883 -0.392626 -0.015000
v -0.937738 -0.388424 -0.025981
v -0.923880 -0.382683 -0.030000
v -0.910021 -0.376943 -0.025981
v -0.899876 -0.372741 -0.015000
v -0.896163 -0.371203 0.000000
v -0.899876 -0.372741 0.015000
v -0.910021 -0.376943 0.025981
v -0.923880 -0.382683 0.030000
v -0.937738 -0.388424 0.025981
v -0.947883 -0.392626 0.015000
v -0.985648 -0.298993 0.000000
v -0.981802 -0.297827 -0.015000
v -0.971294 -0.294639 -0.025981
v -0.956940 -0.290285 -0.030000
v -0.942586 -0.285931 -0.025981
v -0.932078 -0.282743 -0.015000
v -0.928232 -0.281576 0.000000
v -0.932078 -0.282743 0.015000
v -0.942586 -0.285931 0.025981
v -0.956940 -0.290285 0.030000
v -0.971294 -0.294639 0.025981
v -0.981802 -0.297827 0.015000
v -1.010209 -0.200943 0.000000
v -1.006267 -0.200159 -0.015000
v -0.995497 -0.198017 -0.025981
v -0.980785 -0.195090 -0.030000
v -0.966074 -0.192164 -0.025981
v -0.955304 -0.190022 -0.015000
v -0.951362 -0.189238 0.000000
v -0.955304 -0.190022 0.015000
v -0.966074 -0.192164 0.025981
v -0.980785 -0.195090 0.030000
v -0.995497 -0.198017 0.025981
v -1.006267 -0.200159 0.015000
v -1.025040 -0.100957 0.000000
v -1.021040 -0.100563 -0.015000
v -1.010113 -0.099487 -0.025981
v -0.995185 -0.098017 -0.030000
v -0.980257 -0.096547 -0.025981
v -0.969329 -0.095470 -0.015000
v -0.965329 -0.095076 0.000000
v -0.969329 -0.095470 0.015000
v -0.980257 -0.096547 0.025981
v -0.995185 -0.098017 0.030000
v -1.010113 -0.099487 0.025981
v -1.021040 -0.100563 0.015000
v -1.030000 -0.000000 0.000000
v -1.025981 -0.000000 -0.015000
v -1.015000 -0.000000 -0.025981
v -1.000000 -0.000000 -0.030000
v -0.985000 -0.000000 -0.025981
v -0.974019 -0.000000 -0.015000
v -0.970000 -0.000000 0.000000
v -0.974019 -0.000000 0.015000
v -0.985000 -0.000000 0.025981
v -1.000000 -0.000000 0.030000
v -1.015000 -0.000000 0.025981
v -1.025981 -0.000000 0.015000
v -1.025040 0.100957 -0.000000
v -1.021040 0.100563 -0.015000
v -1.010113 0.099487 -0.025981
v -0.995185 0.098017 -0.030000
v -0.980257 0.096547 -0.025981
v -0.969329 0.095470 -0.015000
v -0.965329 0.095076 -0.000000
v -0.969329 0.095470 0.015000
v -0.980257 0.096547 0.025981
v -0.995185 0.098017 0.030000
v -1.010113 0.099487 0.025981
v -1.021040 0.100563 0.015000
v -1.010209 0.200943 -0.000000
v -1.006267 0.200159 -0.015000
v -0.995497 0.198017 -0.025981
v -0.980785 0.195090 -0.030000
v -0.966074 0.192164 -0.025981
v -0.955304 0.190022 -0.015000
v -0.951362 0.189238 -0.000000
v -0.955304 0.190022 0.015000
v -0.966074 0.192164 0.025981
v -0.980785 0.195090 0.030000
v -0.995497 0.198017 0.025981
v -1.006267 0.200159 0.015000
v -0.985649 0.298993 -0.000000
v -0.981802 0.297826 -0.015000
v -0.971295 0.294639 -0.025981
v -0.956940 0.290284 -0.030000
v -0.942586 0.285930 -0.025981
v -0.932078 0.282743 -0.015000
v -0.928232 0.281576 -0.000000
v -0.932078 0.282743 0.015000
v -0.942586 0.285930 0.025981
v -0.956940 0.290284 0.030000
v -0.971295 0.294639 0.025981
v -0.981802 0.297826 0.015000
v -0.951596 0.394164 -0.000000
v -0.947883 0.392625 -0.015000
v -0.937738 0.388423 -0.025981
v -0.923880 0.382683 -0.030000
v -0.910021 0.376943 -0.025981
v -0.899877 0.372741 -0.015000
v -0.896163 0.371203 -0.000000
v -0.899877 0.372741 0.015000
v -0.910021 0.376943 0.025981
v -0.923880 0.382683 0.030000
v -0.937738 0.388423 0.025981
v -0.947883 0.392625 0.015000
v -0.908379 0.485539 -0.000000
v -0.904834 0.483644 -0.015000
v -0.895150 0.478468 -0.025981
v -0.881921 0.471397 -0.030000
v -0.868693 0.464326 -0.025981
v -0.859008 0.459149 -0.015000
v -0.855464 0.457255 -0.000000
v -0.859008 0.459149 0.015000
v -0.868693 0.464326 0.025981
v -0.881921 0.471397 0.030000
v -0.895150 0.478468 0.025981
v -0.904834 0.483644 0.015000
v -0.856414 0.572237 -0.000000
v -0.853072 0.570004 -0.015000
v -0.843942 0.563904 -0.025981
v -0.831470 0.555570 -0.030000
v -0.818998 0.547237 -0.025981
v -0.809867 0.541136 -0.015000
v -0.806525 0.538903 -0.000000
v -0.809867 0.541136 0.015000
v -0.818998 0.547237 0.025981
v -0.831470 0.555570 0.030000
v -0.843942 0.563904 0.025981
v -0.853072 0.570004 0.015000
v -0.796201 0.653425 -0.000000
v -0.793094 0.650875 -0.015000
v -0.784606 0.643909 -0.025981
v -0.773011 0.634393 -0.030000
v -0.761416 0.624877 -0.025981
v -0.752927 0.617911 -0.015000
v -0.749820 0.615361 -0.000000
v -0.752927 0.617911 0.015000
v -0.761416 0.624877 0.025981
v -0.773011 0.634393 0.030000
v -0.784606 0.643909 0.025981
v -0.793094 0.650875 0.015000
v -0.728320 0.728320 -0.000000
v -0.725478 0.725478 -0.015000
v -0.717714 0.717713 -0.025981
v -0.707107 0.707107 -0.030000
v -0.696500 0.696500 -0.025981
v -0.688736 0.688735 -0.015000
v -0.685894 0.685893 -0.000000
v -0.688736 0.688735 0.015000
v -0.696500 0.696500 0.025981
v -0.707107 0.707107 0.030000
v -0.717714 0.717713 0.025981
v -0.725478 0.725478 0.015000
v -0.653425 0.796201 -0.000000
v -0.650875 0.793094 -0.015000
v -0.643909 0.784606 -0.025981
v -0.634393 0.773010 -0.030000
v -0.624877 0.761415 -0.025981
v -0.617911 0.752927 -0.015000
v -0.615362 0.749820 -0.000000
v -0.617911 0.752927 0.015000
v -0.624877 0.761415 0.025981
v -0.634393 0.773010 0.030000
v -0.643909 0.784606 0.025981
v -0.650875 0.793094 0.015000
v -0.572238 0.856413 -0.000000
v -0.570005 0.853071 -0.015000
v -0.563904 0.843941 -0.025981
v -0.555571 0.831469 -0.030000
v -0.547237 0.818997 -0.025981
v -0.541137 0.809867 -0.015000
v -0.538904 0.806525 -0.000000
v -0.541137 0.809867 0.015000
v -0.547237 0.818997 0.025981
v -0.555571 0.831469 0.030000
v -0.563904 0.843941 0.025981
v -0.570005 0.853071 0.015000
v -0.485539 0.908379 -0.000000
v -0.483644 0.904834 -0.015000
v -0.478468 0.895150 -0.025981
v -0.471397 0.881921 -0.030000
v -0.464326 0.868692 -0.025981
v -0.459150 0.859008 -0.015000
v -0.457255 0.855464 -0.000000
v -0.459150 0.859008 0.015000
v -0.464326 0.868692 0.025981
v -0.471397 0.881921 0.030000
v -0.478468 0.895150 0.025981
v -0.483644 0.904834 0.015000
v -0.394164 0.951596 -0.000000
v -0.392626 0.947883 -0.015000
v -0.388424 0.937738 -0.025981
v -0.382684 0.923880 -0.030000
v -0.376943 0.910021 -0.025981
v -0.372741 0.899876 -0.015000
v -0.371203 0.896163 -0.000000
v -0.372741 0.899876 0.015000
v -0.376943 0.910021 0.025981
v -0.382684 0.923880 0.030000
v -0.388424 0.937738 0.025981
v -0.392626 0.947883 0.015000
v -0.298993 0.985649 -0.000000
v -0.297826 0.981802 -0.015000
v -0.294639 0.971295 -0.025981
v -0.290284 0.956940 -0.030000
v -0.285930 0.942586 -0.025981
v -0.282743 0.932078 -0.015000
v -0.281576 0.928232 -0.000000
v -0.282743 0.932078 0.015000
v -0.285930 0.942586 0.025981
v -0.290284 0.956940 0.030000
v -0.294639 0.971295 0.025981
v -0.297826 0.981802 0.015000
v -0.200944 1.010209 -0.000000
v -0.200159 1.006267 -0.015000
v -0.198017 0.995497 -0.025981
v -0.195091 0.980785 -0.030000
v -0.192164 0.966073 -0.025981
v -0.190022 0.955304 -0.015000
v -0.189238 0.951362 -0.000000
v -0.190022 0.955304 0.015000
v -0.192164 0.966073 0.025981
v -0.195091 0.980785 0.030000
v -0.198017 0.995497 0.025981
v -0.200159 1.006267 0.015000
v -0.100958 1.025040 -0.000000
v -0.100564 1.021040 -0.015000
v -0.099488 1.010113 -0.025981
v -0.098017 0.995185 -0.030000
v -0.096547 0.980257 -0.025981
v -0.095471 0.969329 -0.015000
v -0.095077 0.965329 -0.000000
v -0.095471 0.969329 0.015000
v -0.096547 0.980257 0.025981
v -0.098017 0.995185 0.030000
v -0.099488 1.010113 0.025981
v -0.100564 1.021040 0.015000
v 0.000000 1.030000 -0.000000
v 0.000000 1.025981 -0.015000
v 0.000000 1.015000 -0.025981
v 0.000000 1.000000 -0.030000
v 0.000000 0.985000 -0.025981
v 0.000000 0.974019 -0.015000
v 0.000000 0.970000 -0.000000
v 0.000000 0.974019 0.015000
v 0.000000 0.985000 0.025981
v 0.000000 1.000000 0.030000
v 0.000000 1.015000 0.025981
v 0.000000 1.025981 0.015000
v 0.100957 1.025040 -0.000000
v 0.100563 1.021040 -0.015000
v 0.099487 1.010113 -0.025981
v 0.098017 0.995185 -0.030000
v 0.096546 0.980257 -0.025981
v 0.095470 0.969329 -0.015000
v 0.095076 0.965329 -0.000000
v 0.095470 0.969329 0.015000
v 0.096546 0.980257 0.025981
v 0.098017 0.995185 0.030000
v 0.099487 1.010113 0.025981
v 0.100563 1.021040 0.015000
v 0.200943 1.010209 -0.000000
v 0.200159 1.006267 -0.015000
v 0.198016 0.995497 -0.025981
v 0.195090 0.980785 -0.030000
v 0.192164 0.966074 -0.025981
v 0.190021 0.955304 -0.015000
v 0.189237 0.951362 -0.000000
v 0.190021 0.955304 0.015000
v 0.192164 0.966074 0.025981
v 0.195090 0.980785 0.030000
v 0.198016 0.995497 0.025981
v 0.200159 1.006267 0.015000
v 0.298993 0.985649 -0.000000
v 0.297826 0.981802 -0.015000
v 0.294639 0.971294 -0.025981
v 0.290285 0.956940 -0.030000
v 0.285930 0.942586 -0.025981
v 0.282743 0.932078 -0.015000
v 0.281576 0.928232 -0.000000
v 0.282743 0.932078 0.015000
v 0.285930 0.942586 0.025981
v 0.290285 0.956940 0.030000
v 0.294639 0.971294 0.025981
v 0.297826 0.981802 0.015000
v 0.394164 0.951596 -0.000000
v 0.392626 0.947882 -0.015000
v 0.388424 0.937738 -0.025981
v 0.382684 0.923879 -0.030000
v 0.376943 0.910021 -0.025981
v 0.372741 0.899876 -0.015000
v 0.371203 0.896163 -0.000000
v 0.372741 0.899876 0.015000
v 0.376943 0.910021 0.025981
v 0.382684 0.923879 0.030000
v 0.388424 0.937738 0.025981
v 0.392626 0.947882 0.015000
v 0.485538 0.908379 -0.000000
v 0.483644 0.904834 -0.015000
v 0.478467 0.895150 -0.025981
v 0.471396 0.881921 -0.030000
v 0.464325 0.868693 -0.025981
v 0.459149 0.859008 -0.015000
v 0.457254 0.855464 -0.000000
v 0.459149 0.859008 0.015000
v 0.464325 0.868693 0.025981
v 0.471396 0.881921 0.030000
v 0.478467 0.895150 0.025981
v 0.483644 0.904834 0.015000
v 0.572237 0.856414 -0.000000
v 0.570004 0.853072 -0.015000
v 0.563904 0.843942 -0.025981
v 0.555570 0.831470 -0.030000
v 0.547237 0.818998 -0.025981
v 0.541136 0.809868 -0.015000
v 0.538903 0.806526 -0.000000
v 0.541136 0.809868 0.015000
v 0.547237 0.818998 0.025981
v 0.555570 0.831470 0.030000
v 0.563904 0.843942 0.025981
v 0.570004 0.853072 0.015000
v 0.653425 0.796201 -0.000000
v 0.650875 0.793094 -0.015000
v 0.643909 0.784606 -0.025981
v 0.634393 0.773010 -0.030000
v 0.624878 0.761415 -0.025981
v 0.617911 0.752927 -0.015000
v 0.615362 0.749820 -0.000000
v 0.617911 0.752927 0.015000
v 0.624878 0.761415 0.025981
v 0.634393 0.773010 0.030000
v 0.643909 0.784606 0.025981
v 0.650875 0.793094 0.015000
v 0.728320 0.728320 -0.000000
v 0.725478 0.725478 -0.015000
v 0.717713 0.717714 -0.025981
v 0.707106 0.707107 -0.030000
v 0.696500 0.696501 -0.025981
v 0.688735 0.688736 -0.015000
v 0.685893 0.685894 -0.000000
v 0.688735 0.688736 0.015000
v 0.696500 0.696501 0.025981
v 0.707106 0.707107 0.030000
v 0.717713 0.717714 0.025981
v 0.725478 0.725478 0.015000
v 0.796201 0.653425 -0.000000
v 0.793094 0.650876 -0.015000
v 0.784605 0.643909 -0.025981
v 0.773010 0.634394 -0.030000
v 0.761415 0.624878 -0.025981
v 0.752927 0.617911 -0.015000
v 0.749820 0.615362 -0.000000
v 0.752927 0.617911 0.015000
v 0.761415 0.624878 0.025981
v 0.773010 0.634394 0.030000
v 0.784605 0.643909 0.025981
v 0.793094 0.650876 0.015000
v 0.856414 0.572237 -0.000000
v 0.853072 0.570004 -0.015000
v 0.843942 0.563904 -0.025981
v 0.831470 0.555570 -0.030000
v 0.818998 0.547237 -0.025981
v 0.809867 0.541136 -0.015000
v 0.806526 0.538903 -0.000000
v 0.809867 0.541136 0.015000
v 0.818998 0.547237 0.025981
v 0.831470 0.555570 0.030000
v 0.843942 0.563904 0.025981
v 0.853072 0.570004 0.015000
v 0.908379 0.485538 -0.000000
v 0.904834 0.483644 -0.015000
v 0.895150 0.478467 -0.025981
v 0.881921 0.471397 -0.030000
v 0.868693 0.464326 -0.025981
v 0.859008 0.459149 -0.015000
v 0.855464 0.457255 -0.000000
v 0.859008 0.459149 0.015000
v 0.868693 0.464326 0.025981
v 0.881921 0.471397 0.030000
v 0.895150 0.478467 0.025981
v 0.904834 0.483644 0.015000
v 0.951596 0.394164 -0.000000
v 0.947882 0.392626 -0.015000
v 0.937738 0.388424 -0.025981
v 0.923879 0.382684 -0.030000
v 0.910021 0.376944 -0.025981
v 0.899876 0.372741 -0.015000
v 0.896163 0.371203 -0.000000
v 0.899876 0.372741 0.015000
v 0.910021 0.376944 0.025981
v 0.923879 0.382684 0.030000
v 0.937738 0.388424 0.025981
v 0.947882 0.392626 0.015000
v 0.985648 0.298993 -0.000000
v 0.981802 0.297827 -0.015000
v 0.971294 0.294639 -0.025981
v 0.956940 0.290285 -0.030000
v 0.942586 0.285931 -0.025981
v 0.932078 0.282743 -0.015000
v 0.928232 0.281576 -0.000000
v 0.932078 0.282743 0.015000
v 0.942586 0.285931 0.025981
v 0.956940 0.290285 0.030000
v 0.971294 0.294639 0.025981
v 0.981802 0.297827 0.015000
v 1.010209 0.200943 -0.000000
v 1.006267 0.200159 -0.015000
v 0.995497 0.198017 -0.025981
v 0.980785 0.195090 -0.030000
v 0.966074 0.192164 -0.025981
v 0.955304 0.190022 -0.015000
v 0.951362 0.189237 -0.000000
v 0.955304 0.190022 0.015000
v 0.966074 0.192164 0.025981
v 0.980785 0.195090 0.030000
v 0.995497 0.198017 0.025981
v 1.006267 0.200159 0.015000
v 1.025040 0.100958 -0.000000
v 1.021040 0.100564 -0.015000
v 1.010112 0.099488 -0.025981
v 0.995185 0.098018 -0.030000
v 0.980257 0.096547 -0.025981
v 0.969329 0.095471 -0.015000
v 0.965329 0.095077 -0.000000
v 0.969329 0.095471 0.015000
v 0.980257 0.096547 0.025981
v 0.995185 0.098018 0.030000
v 1.010112 0.099488 0.025981
v 1.021040 0.100564 0.015000
usemtl Rotate_Z
s 1
f 781 770 769
f 770 783 771
f 783 772 771
f 784 773 772
f 773 786 774
f 786 775 774
f 787 776 775
f 788 777 776
f 789 778 777
f 778 791 779
f 791 780 779
f 792 769 780
f 793 782 781
f 782 795 783
f 795 784 783
f 784 797 785
f 797 786 785
f 798 787 786
f 787 800 788
f 800 789 788
f 801 790 789
f 790 803 791
f 803 792 791
f 792 793 781
f 805 794 793
f 794 807 795
f 795 808 796
f 796 809 797
f 809 798 797
f 810 799 798
f 811 800 799
f 812 801 800
f 813 802 801
f 814 803 802
f 815 804 803
f 816 793 804
f 817 806 805
f 806 819 807
f 819 808 807
f 820 809 808
f 809 822 810
f 810 823 811
f 823 812 811
f 824 813 812
f 813 826 814
f 826 815 814
f 827 816 815
f 828 805 816
f 829 818 817
f 818 831 819
f 831 820 819
f 820 833 821
f 821 834 822
f 834 823 822
f 823 836 824
f 836 825 824
f 837 826 825
f 838 827 826
f 839 828 827
f 840 817 828
f 841 830 829
f 842 831 830
f 843 832 831
f 832 845 833
f 833 846 834
f 846 835 834
f 835 848 836
f 848 837 836
f 849 838 837
f 850 839 838
f 839 852 840
f 840 841 829
f 853 842 841
f 854 843 842
f 843 856 844
f 844 857 845
f 857 846 845
f 858 847 846
f 847 860 848
f 860 849 848
f 861 850 849
f 862 851 850
f 863 852 851
f 852 853 841
f 865 854 853
f 866 855 854
f 867 856 855
f 868 857 856
f 857 870 858
f 870 859 858
f 871 860 859
f 872 861 860
f 861 874 862
f 862 875 863
f 875 864 863
f 864 865 853
f 877 866 865
f 878 867 866
f 867 880 868
f 868 881 869
f 881 870 869
f 870 883 871
f 883 872 871
f 872 885 873
f 885 874 873
f 886 875 874
f 887 876 875
f 888 865 876
f 877 890 878
f 878 891 879
f 891 880 879
f 892 881 880
f 893 882 881
f 882 895 883
f 895 884 883
f 884 897 885
f 885 898 886
f 898 887 886
f 899 888 887
f 900 877 888
f 889 902 890
f 902 891 890
f 903 892 891
f 904 893 892
f 905 894 893
f 894 907 895
f 907 896 895
f 896 909 897
f 897 910 898
f 910 899 898
f 899 912 900
f 912 889 900
f 901 914 902
f 914 903 902
f 903 916 904
f 904 917 905
f 917 906 905
f 906 919 907
f 919 908 907
f 908 921 909
f 921 910 909
f 922 911 910
f 923 912 911
f 924 901 912
f 925 914 913
f 914 927 915
f 927 916 915
f 928 917 916
f 929 918 917
f 930 919 918
f 931 920 919
f 920 933 921
f 933 922 921
f 922 935 923
f 935 924 923
f 924 925 913
f 937 926 925
f 926 939 927
f 939 928 927
f 940 929 928
f 929 942 930
f 942 931 930
f 931 944 932
f 944 933 932
f 945 934 933
f 934 947 935
f 947 936 935
f 936 937 925
f 949 938 937
f 950 939 938
f 939 952 940
f 952 941 940
f 941 954 942
f 942 955 943
f 955 944 943
f 956 945 944
f 957 946 945
f 958 947 946
f 959 948 947
f 948 949 937
f 961 950 949
f 962 951 950
f 963 952 951
f 964 953 952
f 965 954 953
f 954 967 955
f 967 956 955
f 968 957 956
f 957 970 958
f 970 959 958
f 959 972 960
f 972 949 960
f 961 974 962
f 962 975 963
f 963 976 964
f 976 965 964
f 977 966 965
f 978 967 966
f 979 968 967
f 980 969 968
f 981 970 969
f 982 971 970
f 983 972 971
f 984 961 972
f 985 974 973
f 986 975 974
f 987 976 975
f 988 977 976
f 989 978 977
f 990 979 978
f 991 980 979
f 992 981 980
f 993 982 981
f 982 995 983
f 995 984 983
f 996 973 984
f 985 998 986
f 986 999 987
f 987 1000 988
f 1000 989 988
f 1001 990 989
f 990 1003 991
f 1003 992 991
f 992 1005 993
f 993 1006 994
f 1006 995 994
f 1007 996 995
f 1008 985 996
f 997 1010 998
f 1010 999 998
f 999 1012 1000
f 1012 1001 1000
f 1013 1002 1001
f 1014 1003 1002
f 1015 1004 1003
f 1016 1005 1004
f 1005 1018 1006
f 1006 1019 1007
f 1019 1008 1007
f 1020 997 1008
f 1021 1010 1009
f 1022 1011 1010
f 1023 1012 1011
f 1024 1013 1012
f 1013 1026 1014
f 1026 1015 1014
f 1015 1028 1016
f 1028 1017 1016
f 1017 1030 1018
f 1018 1031 1019
f 1019 1032 1020
f 1032 1009 1020
f 1033 1022 1021
f 1022 1035 1023
f 1035 1024 1023
f 1024 1037 1025
f 1037 1026 1025
f 1038 1027 1026
f 1027 1040 1028
f 1040 1029 1028
f 1029 1042 1030
f 1030 1043 1031
f 1043 1032 1031
f 1032 1033 1021
f 1045 1034 1033
f 1046 1035 1034
f 1035 1048 1036
f 1036 1049 1037
f 1037 1050 1038
f 1050 1039 1038
f 1039 1052 1040
f 1052 1041 1040
f 1053 1042 1041
f 1054 1043 1042
f 1043 1056 1044
f 1056 1033 1044
f 1057 1046 1045
f 1058 1047 1046
f 1047 1060 1048
f 1060 1049 1048
f 1061 1050 1049
f 1062 1051 1050
f 1063 1052 1051
f 1052 1065 1053
f 1053 1066 1054
f 1066 1055 1054
f 1055 1068 1056
f 1056 1057 1045
f 1057 1070 1058
f 1058 1071 1059
f 1071 1060 1059
f 1072 1061 1060
f 1061 1074 1062
f 1062 1075 1063
f 1075 1064 1063
f 1076 1065 1064
f 1077 1066 1065
f 1078 1067 1066
f 1079 1068 1067
f 1080 1057 1068
f 1069 1082 1070
f 1070 1083 1071
f 1083 1072 1071
f 1084 1073 1072
f 1073 1086 1074
f 1074 1087 1075
f 1087 1076 1075
f 1088 1077 1076
f 1077 1090 1078
f 1078 1091 1079
f 1091 1080 1079
f 1092 1069 1080
f 1081 1094 1082
f 1094 1083 1082
f 1083 1096 1084
f 1084 1097 1085
f 1097 1086 1085
f 1086 1099 1087
f 1099 1088 1087
f 1088 1101 1089
f 1101 1090 1089
f 1102 1091 1090
f 1091 1104 1092
f 1104 1081 1092
f 1105 1094 1093
f 1106 1095 1094
f 1107 1096 1095
f 1096 1109 1097
f 1109 1098 1097
f 1110 1099 1098
f 1099 1112 1100
f 1100 1113 1101
f 1113 1102 1101
f 1114 1103 1102
f 1103 1116 1104
f 1116 1093 1104
f 1117 1106 1105
f 1118 1107 1106
f 1119 1108 1107
f 1120 1109 1108
f 1121 1110 1109
f 1110 1123 1111
f 1123 1112 1111
f 1112 1125 1113
f 1125 1114 1113
f 1126 1115 1114
f 1127 1116 1115
f 1116 1117 1105
f 1129 1118 1117
f 1118 1131 1119
f 1119 1132 1120
f 1120 1133 1121
f 1121 1134 1122
f 1122 1135 1123
f 1135 1124 1123
f 1136 1125 1124
f 1137 1126 1125
f 1138 1127 1126
f 1139 1128 1127
f 1128 1129 1117
f 1141 1130 1129
f 1130 1143 1131
f 1143 1132 1131
f 1144 1133 1132
f 1145 1134 1133
f 1146 1135 1134
f 1147 1136 1135
f 1148 1137 1136
f 1137 1150 1138
f 1150 1139 1138
f 1151 1140 1139
f 1140 1141 1129
f 1153 1142 1141
f 1154 1143 1142
f 1155 1144 1143
f 1156 1145 1144
f 1157 1146 1145
f 1146 1159 1147
f 1159 1148 1147
f 1148 1161 1149
f 1149 1162 1150
f 1162 1151 1150
f 1163 1152 1151
f 1164 1141 1152
f 1165 1154 1153
f 1166 1155 1154
f 1167 1156 1155
f 1156 1169 1157
f 1157 1170 1158
f 1170 1159 1158
f 1159 1172 1160
f 1172 1161 1160
f 1173 1162 1161
f 1162 1175 1163
f 1175 1164 1163
f 1176 1153 1164
f 1165 1178 1166
f 1178 1167 1166
f 1179 1168 1167
f 1168 1181 1169
f 1181 1170 1169
f 1182 1171 1170
f 1183 1172 1171
f 1184 1173 1172
f 1185 1174 1173
f 1186 1175 1174
f 1175 1188 1176
f 1188 1165 1176
f 1189 1178 1177
f 1190 1179 1178
f 1179 1192 1180
f 1192 1181 1180
f 1193 1182 1181
f 1182 1195 1183
f 1195 1184 1183
f 1184 1197 1185
f 1185 1198 1186
f 1186 1199 1187
f 1187 1200 1188
f 1200 1177 1188
f 1189 1202 1190
f 1202 1191 1190
f 1191 1204 1192
f 1192 1205 1193
f 1193 1206 1194
f 1194 1207 1195
f 1207 1196 1195
f 1208 1197 1196
f 1209 1198 1197
f 1210 1199 1198
f 1199 1212 1200
f 1212 1189 1200
f 1201 1214 1202
f 1202 1215 1203
f 1215 1204 1203
f 1216 1205 1204
f 1217 1206 1205
f 1218 1207 1206
f 1219 1208 1207
f 1208 1221 1209
f 1221 1210 1209
f 1210 1223 1211
f 1223 1212 1211
f 1224 1201 1212
f 1225 1214 1213
f 1214 1227 1215
f 1227 1216 1215
f 1228 1217 1216
f 1217 1230 1218
f 1230 1219 1218
f 1219 1232 1220
f 1232 1221 1220
f 1221 1234 1222
f 1222 1235 1223
f 1235 1224 1223
f 1224 1225 1213
f 1237 1226 1225
f 1238 1227 1226
f 1239 1228 1227
f 1228 1241 1229
f 1241 1230 1229
f 1230 1243 1231
f 1231 1244 1232
f 1244 1233 1232
f 1245 1234 1233
f 1246 1235 1234
f 1247 1236 1235
f 1236 1237 1225
f 1249 1238 1237
f 1250 1239 1238
f 1239 1252 1240
f 1240 1253 1241
f 1241 1254 1242
f 1242 1255 1243
f 1255 1244 1243
f 1244 1257 1245
f 1257 1246 1245
f 1258 1247 1246
f 1259 1248 1247
f 1260 1237 1248
f 1249 1262 1250
f 1262 1251 1250
f 1263 1252 1251
f 1252 1265 1253
f 1253 1266 1254
f 1266 1255 1254
f 1267 1256 1255
f 1268 1257 1256
f 1257 1270 1258
f 1270 1259 1258
f 1271 1260 1259
f 1272 1249 1260
f 1273 1262 1261
f 1262 1275 1263
f 1275 1264 1263
f 1276 1265 1264
f 1277 1266 1265
f 1266 1279 1267
f 1279 1268 1267
f 1280 1269 1268
f 1269 1282 1270
f 1270 1283 1271
f 1283 1272 1271
f 1272 1273 1261
f 1285 1274 1273
f 1286 1275 1274
f 1287 1276 1275
f 1276 1289 1277
f 1289 1278 1277
f 1278 1291 1279
f 1291 1280 1279
f 1280 1293 1281
f 1293 1282 1281
f 1294 1283 1282
f 1283 1296 1284
f 1284 1285 1273
f 1297 1286 1285
f 1298 1287 1286
f 1287 1300 1288
f 1288 1301 1289
f 1301 1290 1289
f 1302 1291 1290
f 1303 1292 1291
f 1292 1305 1293
f 1305 1294 1293
f 1306 1295 1294
f 1307 1296 1295
f 1296 1297 1285
f 1309 1298 1297
f 1310 1299 1298
f 1311 1300 1299
f 1300 1313 1301
f 1313 1302 1301
f 1302 1315 1303
f 1303 1316 1304
f 1304 1317 1305
f 1317 1306 1305
f 1318 1307 1306
f 1307 1320 1308
f 1308 1309 1297
f 1321 1310 1309
f 1310 1323 1311
f 1323 1312 1311
f 1324 1313 1312
f 1325 1314 1313
f 1326 1315 1314
f 1315 1328 1316
f 1328 1317 1316
f 1329 1318 1317
f 1318 1331 1319
f 1331 1320 1319
f 1332 1309 1320
f 1321 1334 1322
f 1334 1323 1322
f 1323 1336 1324
f 1336 1325 1324
f 1337 1326 1325
f 1338 1327 1326
f 1339 1328 1327
f 1340 1329 1328
f 1329 1342 1330
f 1342 1331 1330
f 1331 1344 1332
f 1344 1321 1332
f 1345 1334 1333
f 1346 1335 1334
f 1347 1336 1335
f 1348 1337 1336
f 1349 1338 1337
f 1350 1339 1338
f 1351 1340 1339
f 1352 1341 1340
f 1353 1342 1341
f 1342 1355 1343
f 1343 1356 1344
f 1344 1345 1333
f 1357 1346 1345
f 1358 1347 1346
f 1359 1348 1347
f 1360 1349 1348
f 1361 1350 1349
f 1362 1351 1350
f 1363 1352 1351
f 1364 1353 1352
f 1365 1354 1353
f 1366 1355 1354
f 1367 1356 1355
f 1368 1345 1356
f 1357 1370 1358
f 1370 1359 1358
f 1371 1360 1359
f 1360 1373 1361
f 1373 1362 1361
f 1374 1363 1362
f 1375 1364 1363
f 1364 1377 1365
f 1377 1366 1365
f 1366 1379 1367
f 1367 1380 1368
f 1380 1357 1368
f 1369 1382 1370
f 1370 1383 1371
f 1371 1384 1372
f 1384 1373 1372
f 1385 1374 1373
f 1386 1375 1374
f 1387 1376 1375
f 1376 1389 1377
f 1389 1378 1377
f 1390 1379 1378
f 1391 1380 1379
f 1392 1369 1380
f 1381 1394 1382
f 1394 1383 1382
f 1383 1396 1384
f 1396 1385 1384
f 1385 1398 1386
f 1398 1387 1386
f 1399 1388 1387
f 1400 1389 1388
f 1401 1390 1389
f 1402 1391 1390
f 1391 1404 1392
f 1404 1381 1392
f 1393 1406 1394
f 1394 1407 1395
f 1407 1396 1395
f 1408 1397 1396
f 1397 1410 1398
f 1398 1411 1399
f 1411 1400 1399
f 1412 1401 1400
f 1413 1402 1401
f 1402 1415 1403
f 1415 1404 1403
f 1416 1393 1404
f 1417 1406 1405
f 1406 1419 1407
f 1419 1408 1407
f 1408 1421 1409
f 1409 1422 1410
f 1422 1411 1410
f 1423 1412 1411
f 1424 1413 1412
f 1425 1414 1413
f 1414 1427 1415
f 1427 1416 1415
f 1416 1417 1405
f 1429 1418 1417
f 1430 1419 1418
f 1431 1420 1419
f 1432 1421 1420
f 1421 1434 1422
f 1434 1423 1422
f 1423 1436 1424
f 1436 1425 1424
f 1425 1438 1426
f 1426 1439 1427
f 1427 1440 1428
f 1428 1429 1417
f 1429 1442 1430
f 1442 1431 1430
f 1443 1432 1431
f 1432 1445 1433
f 1433 1446 1434
f 1446 1435 1434
f 1435 1448 1436
f 1448 1437 1436
f 1449 1438 1437
f 1450 1439 1438
f 1451 1440 1439
f 1452 1429 1440
f 1441 1454 1442
f 1454 1443 1442
f 1455 1444 1443
f 1444 1457 1445
f 1457 1446 1445
f 1458 1447 1446
f 1447 1460 1448
f 1460 1449 1448
f 1461 1450 1449
f 1462 1451 1450
f 1451 1464 1452
f 1464 1441 1452
f 1453 1466 1454
f 1466 1455 1454
f 1455 1468 1456
f 1468 1457 1456
f 1469 1458 1457
f 1458 1471 1459
f 1471 1460 1459
f 1460 1473 1461
f 1461 1474 1462
f 1474 1463 1462
f 1463 1476 1464
f 1476 1453 1464
f 1465 1478 1466
f 1478 1467 1466
f 1467 1480 1468
f 1468 1481 1469
f 1481 1470 1469
f 1470 1483 1471
f 1483 1472 1471
f 1472 1485 1473
f 1485 1474 1473
f 1486 1475 1474
f 1487 1476 1475
f 1488 1465 1476
f 1489 1478 1477
f 1490 1479 1478
f 1479 1492 1480
f 1492 1481 1480
f 1493 1482 1481
f 1494 1483 1482
f 1483 1496 1484
f 1496 1485 1484
f 1485 1498 1486
f 1498 1487 1486
f 1499 1488 1487
f 1500 1477 1488
f 1501 1490 1489
f 1502 1491 1490
f 1491 1504 1492
f 1504 1493 1492
f 1505 1494 1493
f 1506 1495 1494
f 1507 1496 1495
f 1508 1497 1496
f 1497 1510 1498
f 1510 1499 1498
f 1499 1512 1500
f 1512 1489 1500
f 1513 1502 1501
f 1514 1503 1502
f 1515 1504 1503
f 1516 1505 1504
f 1505 1518 1506
f 1518 1507 1506
f 1519 1508 1507
f 1520 1509 1508
f 1521 1510 1509
f 1522 1511 1510
f 1523 1512 1511
f 1512 1513 1501
f 1525 1514 1513
f 1526 1515 1514
f 1527 1516 1515
f 1528 1517 1516
f 1517 1530 1518
f 1530 1519 1518
f 1519 1532 1520
f 1532 1521 1520
f 1521 1534 1522
f 1522 1535 1523
f 1535 1524 1523
f 1524 1525 1513
f 769 1526 1525
f 770 1527 1526
f 1527 772 1528
f 772 1529 1528
f 773 1530 1529
f 774 1531 1530
f 775 1532 1531
f 776 1533 1532
f 777 1534 1533
f 778 1535 1534
f 779 1536 1535
f 780 1525 1536
f 781 782 770
f 770 782 783
f 783 784 772
f 784 785 773
f 773 785 786
f 786 787 775
f 787 788 776
f 788 789 777
f 789 790 778
f 778 790 791
f 791 792 780
f 792 781 769
f 793 794 782
f 782 794 795
f 795 796 784
f 784 796 797
f 797 798 786
f 798 799 787
f 787 799 800
f 800 801 789
f 801 802 790
f 790 802 803
f 803 804 792
f 792 804 793
f 805 806 794
f 794 806 807
f 795 807 808
f 796 808 809
f 809 810 798
f 810 811 799
f 811 812 800
f 812 813 801
f 813 814 802
f 814 815 803
f 815 816 804
f 816 805 793
f 817 818 806
f 806 818 819
f 819 820 808
f 820 821 809
f 809 821 822
f 810 822 823
f 823 824 812
f 824 825 813
f 813 825 826
f 826 827 815
f 827 828 816
f 828 817 805
f 829 830 818
f 818 830 831
f 831 832 820
f 820 832 833
f 821 833 834
f 834 835 823
f 823 835 836
f 836 837 825
f 837 838 826
f 838 839 827
f 839 840 828
f 840 829 817
f 841 842 830
f 842 843 831
f 843 844 832
f 832 844 845
f 833 845 846
f 846 847 835
f 835 847 848
f 848 849 837
f 849 850 838
f 850 851 839
f 839 851 852
f 840 852 841
f 853 854 842
f 854 855 843
f 843 855 856
f 844 856 857
f 857 858 846
f 858 859 847
f 847 859 860
f 860 861 849
f 861 862 850
f 862 863 851
f 863 864 852
f 852 864 853
f 865 866 854
f 866 867 855
f 867 868 856
f 868 869 857
f 857 869 870
f 870 871 859
f 871 872 860
f 872 873 861
f 861 873 874
f 862 874 875
f 875 876 864
f 864 876 865
f 877 878 866
f 878 879 867
f 867 879 880
f 868 880 881
f 881 882 870
f 870 882 883
f 883 884 872
f 872 884 885
f 885 886 874
f 886 887 875
f 887 888 876
f 888 877 865
f 877 889 890
f 878 890 891
f 891 892 880
f 892 893 881
f 893 894 882
f 882 894 895
f 895 896 884
f 884 896 897
f 885 897 898
f 898 899 887
f 899 900 888
f 900 889 877
f 889 901 902
f 902 903 891
f 903 904 892
f 904 905 893
f 905 906 894
f 894 906 907
f 907 908 896
f 896 908 909
f 897 909 910
f 910 911 899
f 899 911 912
f 912 901 889
f 901 913 914
f 914 915 903
f 903 915 916
f 904 916 917
f 917 918 906
f 906 918 919
f 919 920 908
f 908 920 921
f 921 922 910
f 922 923 911
f 923 924 912
f 924 913 901
f 925 926 914
f 914 926 927
f 927 928 916
f 928 929 917
f 929 930 918
f 930 931 919
f 931 932 920
f 920 932 933
f 933 934 922
f 922 934 935
f 935 936 924
f 924 936 925
f 937 938 926
f 926 938 939
f 939 940 928
f 940 941 929
f 929 941 942
f 942 943 931
f 931 943 944
f 944 945 933
f 945 946 934
f 934 946 947
f 947 948 936
f 936 948 937
f 949 950 938
f 950 951 939
f 939 951 952
f 952 953 941
f 941 953 954
f 942 954 955
f 955 956 944
f 956 957 945
f 957 958 946
f 958 959 947
f 959 960 948
f 948 960 949
f 961 962 950
f 962 963 951
f 963 964 952
f 964 965 953
f 965 966 954
f 954 966 967
f 967 968 956
f 968 969 957
f 957 969 970
f 970 971 959
f 959 971 972
f 972 961 949
f 961 973 974
f 962 974 975
f 963 975 976
f 976 977 965
f 977 978 966
f 978 979 967
f 979 980 968
f 980 981 969
f 981 982 970
f 982 983 971
f 983 984 972
f 984 973 961
f 985 986 974
f 986 987 975
f 987 988 976
f 988 989 977
f 989 990 978
f 990 991 979
f 991 992 980
f 992 993 981
f 993 994 982
f 982 994 995
f 995 996 984
f 996 985 973
f 985 997 998
f 986 998 999
f 987 999 1000
f 1000 1001 989
f 1001 1002 990
f 990 1002 1003
f 1003 1004 992
f 992 1004 1005
f 993 1005 1006
f 1006 1007 995
f 1007 1008 996
f 1008 997 985
f 997 1009 1010
f 1010 1011 999
f 999 1011 1012
f 1012 1013 1001
f 1013 1014 1002
f 1014 1015 1003
f 1015 1016 1004
f 1016 1017 1005
f 1005 1017 1018
f 1006 1018 1019
f 1019 1020 1008
f 1020 1009 997
f 1021 1022 1010
f 1022 1023 1011
f 1023 1024 1012
f 1024 1025 1013
f 1013 1025 1026
f 1026 1027 1015
f 1015 1027 1028
f 1028 1029 1017
f 1017 1029 1030
f 1018 1030 1031
f 1019 1031 1032
f 1032 1021 1009
f 1033 1034 1022
f 1022 1034 1035
f 1035 1036 1024
f 1024 1036 1037
f 1037 1038 1026
f 1038 1039 1027
f 1027 1039 1040
f 1040 1041 1029
f 1029 1041 1042
f 1030 1042 1043
f 1043 1044 1032
f 1032 1044 1033
f 1045 1046 1034
f 1046 1047 1035
f 1035 1047 1048
f 1036 1048 1049
f 1037 1049 1050
f 1050 1051 1039
f 1039 1051 1052
f 1052 1053 1041
f 1053 1054 1042
f 1054 1055 1043
f 1043 1055 1056
f 1056 1045 1033
f 1057 1058 1046
f 1058 1059 1047
f 1047 1059 1060
f 1060 1061 1049
f 1061 1062 1050
f 1062 1063 1051
f 1063 1064 1052
f 1052 1064 1065
f 1053 1065 1066
f 1066 1067 1055
f 1055 1067 1068
f 1056 1068 1057
f 1057 1069 1070
f 1058 1070 1071
f 1071 1072 1060
f 1072 1073 1061
f 1061 1073 1074
f 1062 1074 1075
f 1075 1076 1064
f 1076 1077 1065
f 1077 1078 1066
f 1078 1079 1067
f 1079 1080 1068
f 1080 1069 1057
f 1069 1081 1082
f 1070 1082 1083
f 1083 1084 1072
f 1084 1085 1073
f 1073 1085 1086
f 1074 1086 1087
f 1087 1088 1076
f 1088 1089 1077
f 1077 1089 1090
f 1078 1090 1091
f 1091 1092 1080
f 1092 1081 1069
f 1081 1093 1094
f 1094 1095 1083
f 1083 1095 1096
f 1084 1096 1097
f 1097 1098 1086
f 1086 1098 1099
f 1099 1100 1088
f 1088 1100 1101
f 1101 1102 1090
f 1102 1103 1091
f 1091 1103 1104
f 1104 1093 1081
f 1105 1106 1094
f 1106 1107 1095
f 1107 1108 1096
f 1096 1108 1109
f 1109 1110 1098
f 1110 1111 1099
f 1099 1111 1112
f 1100 1112 1113
f 1113 1114 1102
f 1114 1115 1103
f 1103 1115 1116
f 1116 1105 1093
f 1117 1118 1106
f 1118 1119 1107
f 1119 1120 1108
f 1120 1121 1109
f 1121 1122 1110
f 1110 1122 1123
f 1123 1124 1112
f 1112 1124 1125
f 1125 1126 1114
f 1126 1127 1115
f 1127 1128 1116
f 1116 1128 1117
f 1129 1130 1118
f 1118 1130 1131
f 1119 1131 1132
f 1120 1132 1133
f 1121 1133 1134
f 1122 1134 1135
f 1135 1136 1124
f 1136 1137 1125
f 1137 1138 1126
f 1138 1139 1127
f 1139 1140 1128
f 1128 1140 1129
f 1141 1142 1130
f 1130 1142 1143
f 1143 1144 1132
f 1144 1145 1133
f 1145 1146 1134
f 1146 1147 1135
f 1147 1148 1136
f 1148 1149 1137
f 1137 1149 1150
f 1150 1151 1139
f 1151 1152 1140
f 1140 1152 1141
f 1153 1154 1142
f 1154 1155 1143
f 1155 1156 1144
f 1156 1157 1145
f 1157 1158 1146
f 1146 1158 1159
f 1159 1160 1148
f 1148 1160 1161
f 1149 1161 1162
f 1162 1163 1151
f 1163 1164 1152
f 1164 1153 1141
f 1165 1166 1154
f 1166 1167 1155
f 1167 1168 1156
f 1156 1168 1169
f 1157 1169 1170
f 1170 1171 1159
f 1159 1171 1172
f 1172 1173 1161
f 1173 1174 1162
f 1162 1174 1175
f 1175 1176 1164
f 1176 1165 1153
f 1165 1177 1178
f 1178 1179 1167
f 1179 1180 1168
f 1168 1180 1181
f 1181 1182 1170
f 1182 1183 1171
f 1183 1184 1172
f 1184 1185 1173
f 1185 1186 1174
f 1186 1187 1175
f 1175 1187 1188
f 1188 1177 1165
f 1189 1190 1178
f 1190 1191 1179
f 1179 1191 1192
f 1192 1193 1181
f 1193 1194 1182
f 1182 1194 1195
f 1195 1196 1184
f 1184 1196 1197
f 1185 1197 1198
f 1186 1198 1199
f 1187 1199 1200
f 1200 1189 1177
f 1189 1201 1202
f 1202 1203 1191
f 1191 1203 1204
f 1192 1204 1205
f 1193 1205 1206
f 1194 1206 1207
f 1207 1208 1196
f 1208 1209 1197
f 1209 1210 1198
f 1210 1211 1199
f 1199 1211 1212
f 1212 1201 1189
f 1201 1213 1214
f 1202 1214 1215
f 1215 1216 1204
f 1216 1217 1205
f 1217 1218 1206
f 1218 1219 1207
f 1219 1220 1208
f 1208 1220 1221
f 1221 1222 1210
f 1210 1222 1223
f 1223 1224 1212
f 1224 1213 1201
f 1225 1226 1214
f 1214 1226 1227
f 1227 1228 1216
f 1228 1229 1217
f 1217 1229 1230
f 1230 1231 1219
f 1219 1231 1232
f 1232 1233 1221
f 1221 1233 1234
f 1222 1234 1235
f 1235 1236 1224
f 1224 1236 1225
f 1237 1238 1226
f 1238 1239 1227
f 1239 1240 1228
f 1228 1240 1241
f 1241 1242 1230
f 1230 1242 1243
f 1231 1243 1244
f 1244 1245 1233
f 1245 1246 1234
f 1246 1247 1235
f 1247 1248 1236
f 1236 1248 1237
f 1249 1250 1238
f 1250 1251 1239
f 1239 1251 1252
f 1240 1252 1253
f 1241 1253 1254
f 1242 1254 1255
f 1255 1256 1244
f 1244 1256 1257
f 1257 1258 1246
f 1258 1259 1247
f 1259 1260 1248
f 1260 1249 1237
f 1249 1261 1262
f 1262 1263 1251
f 1263 1264 1252
f 1252 1264 1265
f 1253 1265 1266
f 1266 1267 1255
f 1267 1268 1256
f 1268 1269 1257
f 1257 1269 1270
f 1270 1271 1259
f 1271 1272 1260
f 1272 1261 1249
f 1273 1274 1262
f 1262 1274 1275
f 1275 1276 1264
f 1276 1277 1265
f 1277 1278 1266
f 1266 1278 1279
f 1279 1280 1268
f 1280 1281 1269
f 1269 1281 1282
f 1270 1282 1283
f 1283 1284 1272
f 1272 1284 1273
f 1285 1286 1274
f 1286 1287 1275
f 1287 1288 1276
f 1276 1288 1289
f 1289 1290 1278
f 1278 1290 1291
f 1291 1292 1280
f 1280 1292 1293
f 1293 1294 1282
f 1294 1295 1283
f 1283 1295 1296
f 1284 1296 1285
f 1297 1298 1286
f 1298 1299 1287
f 1287 1299 1300
f 1288 1300 1301
f 1301 1302 1290
f 1302 1303 1291
f 1303 1304 1292
f 1292 1304 1305
f 1305 1306 1294
f 1306 1307 1295
f 1307 1308 1296
f 1296 1308 1297
f 1309 1310 1298
f 1310 1311 1299
f 1311 1312 1300
f 1300 1312 1313
f 1313 1314 1302
f 1302 1314 1315
f 1303 1315 1316
f 1304 1316 1317
f 1317 1318 1306
f 1318 1319 1307
f 1307 1319 1320
f 1308 1320 1309
f 1321 1322 1310
f 1310 1322 1323
f 1323 1324 1312
f 1324 1325 1313
f 1325 1326 1314
f 1326 1327 1315
f 1315 1327 1328
f 1328 1329 1317
f 1329 1330 1318
f 1318 1330 1331
f 1331 1332 1320
f 1332 1321 1309
f 1321 1333 1334
f 1334 1335 1323
f 1323 1335 1336
f 1336 1337 1325
f 1337 1338 1326
f 1338 1339 1327
f 1339 1340 1328
f 1340 1341 1329
f 1329 1341 1342
f 1342 1343 1331
f 1331 1343 1344
f 1344 1333 1321
f 1345 1346 1334
f 1346 1347 1335
f 1347 1348 1336
f 1348 1349 1337
f 1349 1350 1338
f 1350 1351 1339
f 1351 1352 1340
f 1352 1353 1341
f 1353 1354 1342
f 1342 1354 1355
f 1343 1355 1356
f 1344 1356 1345
f 1357 1358 1346
f 1358 1359 1347
f 1359 1360 1348
f 1360 1361 1349
f 1361 1362 1350
f 1362 1363 1351
f 1363 1364 1352
f 1364 1365 1353
f 1365 1366 1354
f 1366 1367 1355
f 1367 1368 1356
f 1368 1357 1345
f 1357 1369 1370
f 1370 1371 1359
f 1371 1372 1360
f 1360 1372 1373
f 1373 1374 1362
f 1374 1375 1363
f 1375 1376 1364
f 1364 1376 1377
f 1377 1378 1366
f 1366 1378 1379
f 1367 1379 1380
f 1380 1369 1357
f 1369 1381 1382
f 1370 1382 1383
f 1371 1383 1384
f 1384 1385 1373
f 1385 1386 1374
f 1386 1387 1375
f 1387 1388 1376
f 1376 1388 1389
f 1389 1390 1378
f 1390 1391 1379
f 1391 1392 1380
f 1392 1381 1369
f 1381 1393 1394
f 1394 1395 1383
f 1383 1395 1396
f 1396 1397 1385
f 1385 1397 1398
f 1398 1399 1387
f 1399 1400 1388
f 1400 1401 1389
f 1401 1402 1390
f 1402 1403 1391
f 1391 1403 1404
f 1404 1393 1381
f 1393 1405 1406
f 1394 1406 1407
f 1407 1408 1396
f 1408 1409 1397
f 1397 1409 1410
f 1398 1410 1411
f 1411 1412 1400
f 1412 1413 1401
f 1413 1414 1402
f 1402 1414 1415
f 1415 1416 1404
f 1416 1405 1393
f 1417 1418 1406
f 1406 1418 1419
f 1419 1420 1408
f 1408 1420 1421
f 1409 1421 1422
f 1422 1423 1411
f 1423 1424 1412
f 1424 1425 1413
f 1425 1426 1414
f 1414 1426 1427
f 1427 1428 1416
f 1416 1428 1417
f 1429 1430 1418
f 1430 1431 1419
f 1431 1432 1420
f 1432 1433 1421
f 1421 1433 1434
f 1434 1435 1423
f 1423 1435 1436
f 1436 1437 1425
f 1425 1437 1438
f 1426 1438 1439
f 1427 1439 1440
f 1428 1440 1429
f 1429 1441 1442
f 1442 1443 1431
f 1443 1444 1432
f 1432 1444 1445
f 1433 1445 1446
f 1446 1447 1435
f 1435 1447 1448
f 1448 1449 1437
f 1449 1450 1438
f 1450 1451 1439
f 1451 1452 1440
f 1452 1441 1429
f 1441 1453 1454
f 1454 1455 1443
f 1455 1456 1444
f 1444 1456 1457
f 1457 1458 1446
f 1458 1459 1447
f 1447 1459 1460
f 1460 1461 1449
f 1461 1462 1450
f 1462 1463 1451
f 1451 1463 1464
f 1464 1453 1441
f 1453 1465 1466
f 1466 1467 1455
f 1455 1467 1468
f 1468 1469 1457
f 1469 1470 1458
f 1458 1470 1471
f 1471 1472 1460
f 1460 1472 1473
f 1461 1473 1474
f 1474 1475 1463
f 1463 1475 1476
f 1476 1465 1453
f 1465 1477 1478
f 1478 1479 1467
f 1467 1479 1480
f 1468 1480 1481
f 1481 1482 1470
f 1470 1482 1483
f 1483 1484 1472
f 1472 1484 1485
f 1485 1486 1474
f 1486 1487 1475
f 1487 1488 1476
f 1488 1477 1465
f 1489 1490 1478
f 1490 1491 1479
f 1479 1491 1492
f 1492 1493 1481
f 1493 1494 1482
f 1494 1495 1483
f 1483 1495 1496
f 1496 1497 1485
f 1485 1497 1498
f 1498 1499 1487
f 1499 1500 1488
f 1500 1489 1477
f 1501 1502 1490
f 1502 1503 1491
f 1491 1503 1504
f 1504 1505 1493
f 1505 1506 1494
f 1506 1507 1495
f 1507 1508 1496
f 1508 1509 1497
f 1497 1509 1510
f 1510 1511 1499
f 1499 1511 1512
f 1512 1501 1489
f 1513 1514 1502
f 1514 1515 1503
f 1515 1516 1504
f 1516 1517 1505
f 1505 1517 1518
f 1518 1519 1507
f 1519 1520 1508
f 1520 1521 1509
f 1521 1522 1510
f 1522 1523 1511
f 1523 1524 1512
f 1512 1524 1513
f 1525 1526 1514
f 1526 1527 1515
f 1527 1528 1516
f 1528 1529 1517
f 1517 1529 1530
f 1530 1531 1519
f 1519 1531 1532
f 1532 1533 1521
f 1521 1533 1534
f 1522 1534 1535
f 1535 1536 1524
f 1524 1536 1525
f 769 770 1526
f 770 771 1527
f 1527 771 772
f 772 773 1529
f 773 774 1530
f 774 775 1531
f 775 776 1532
f 776 777 1533
f 777 778 1534
f 778 779 1535
f 779 780 1536
f 780 769 1525
o Rotate_Y
v 1.030000 0.000000 0.000000
v 1.025981 0.015000 0.000000
v 1.015000 0.025981 0.000000
v 1.000000 0.030000 0.000000
v 0.985000 0.025981 0.000000
v 0.974019 0.015000 0.000000
v 0.970000 0.000000 0.000000
v 0.974019 -0.015000 0.000000
v 0.985000 -0.025981 0.000000
v 1.000000 -0.030000 0.000000
v 1.015000 -0.025981 0.000000
v 1.025981 -0.015000 0.000000
v 1.025040 0.000000 -0.100958
v 1.021040 0.015000 -0.100564
v 1.010113 0.025981 -0.099487
v 0.995185 0.030000 -0.098017
v 0.980257 0.025981 -0.096547
v 0.969329 0.015000 -0.095471
v 0.965329 0.000000 -0.095077
v 0.969329 -0.015000 -0.095471
v 0.980257 -0.025981 -0.096547
v 0.995185 -0.030000 -0.098017
v 1.010113 -0.025981 -0.099487
v 1.021040 -0.015000 -0.100564
v 1.010209 0.000000 -0.200943
v 1.006267 0.015000 -0.200159
v 0.995497 0.025981 -0.198017
v 0.980785 0.030000 -0.195090
v 0.966074 0.025981 -0.192164
v 0.955304 0.015000 -0.190022
v 0.951362 0.000000 -0.189238
v 0.955304 -0.015000 -0.190022
v 0.966074 -0.025981 -0.192164
v 0.980785 -0.030000 -0.195090
v 0.995497 -0.025981 -0.198017
v 1.006267 -0.015000 -0.200159
v 0.985648 0.000000 -0.298993
v 0.981802 0.015000 -0.297827
v 0.971294 0.025981 -0.294639
v 0.956940 0.030000 -0.290285
v 0.942586 0.025981 -0.285931
v 0.932078 0.015000 -0.282743
v 0.928232 0.000000 -0.281576
v 0.932078 -0.015000 -0.282743
v 0.942586 -0.025981 -0.285931
v 0.956940 -0.030000 -0.290285
v 0.971294 -0.025981 -0.294639
v 0.981802 -0.015000 -0.297827
v 0.951596 0.000000 -0.394164
v 0.947883 0.015000 -0.392626
v 0.937738 0.025981 -0.388424
v 0.923880 0.030000 -0.382683
v 0.910021 0.025981 -0.376943
v 0.899876 0.015000 -0.372741
v 0.896163 0.000000 -0.371203
v 0.899876 -0.015000 -0.372741
v 0.910021 -0.025981 -0.376943
v 0.923880 -0.030000 -0.382683
v 0.937738 -0.025981 -0.388424
v 0.947883 -0.015000 -0.392626
v 0.908379 0.000000 -0.485539
v 0.904834 0.015000 -0.483644
v 0.895150 0.025981 -0.478468
v 0.881921 0.030000 -0.471397
v 0.868692 0.025981 -0.464326
v 0.859008 0.015000 -0.459149
v 0.855464 0.000000 -0.457255
v 0.859008 -0.015000 -0.459149
v 0.868692 -0.025981 -0.464326
v 0.881921 -0.030000 -0.471397
v 0.895150 -0.025981 -0.478468
v 0.904834 -0.015000 -0.483644
v 0.856414 0.000000 -0.572237
v 0.853072 0.015000 -0.570004
v 0.843942 0.025981 -0.563904
v 0.831470 0.030000 -0.555570
v 0.818998 0.025981 -0.547237
v 0.809867 0.015000 -0.541136
v 0.806526 0.000000 -0.538903
v 0.809867 -0.015000 -0.541136
v 0.818998 -0.025981 -0.547237
v 0.831470 -0.030000 -0.555570
v 0.843942 -0.025981 -0.563904
v 0.853072 -0.015000 -0.570004
v 0.796201 0.000000 -0.653425
v 0.793094 0.015000 -0.650875
v 0.784606 0.025981 -0.643909
v 0.773010 0.030000 -0.634393
v 0.761415 0.025981 -0.624877
v 0.752927 0.015000 -0.617911
v 0.749820 0.000000 -0.615362
v 0.752927 -0.015000 -0.617911
v 0.761415 -0.025981 -0.624877
v 0.773010 -0.030000 -0.634393
v 0.784606 -0.025981 -0.643909
v 0.793094 -0.015000 -0.650875
v 0.728320 0.000000 -0.728320
v 0.725478 0.015000 -0.725478
v 0.717713 0.025981 -0.717713
v 0.707107 0.030000 -0.707107
v 0.696500 0.025981 -0.696500
v 0.688736 0.015000 -0.688736
v 0.685894 0.000000 -0.685894
v 0.688736 -0.015000 -0.688736
v 0.696500 -0.025981 -0.696500
v 0.707107 -0.030000 -0.707107
v 0.717713 -0.025981 -0.717713
v 0.725478 -0.015000 -0.725478
v 0.653425 0.000000 -0.796201
v 0.650875 0.015000 -0.793094
v 0.643909 0.025981 -0.784606
v 0.634393 0.030000 -0.773010
v 0.624878 0.025981 -0.761415
v 0.617911 0.015000 -0.752927
v 0.615362 0.000000 -0.749820
v 0.617911 -0.015000 -0.752927
v 0.624878 -0.025981 -0.761415
v 0.634393 -0.030000 -0.773010
v 0.643909 -0.025981 -0.784606
v 0.650875 -0.015000 -0.793094
v 0.572237 0.000000 -0.856414
v 0.570004 0.015000 -0.853072
v 0.563904 0.025981 -0.843942
v 0.555570 0.030000 -0.831470
v 0.547237 0.025981 -0.818998
v 0.541136 0.015000 -0.809868
v 0.538903 0.000000 -0.806526
v 0.541136 -0.015000 -0.809868
v 0.547237 -0.025981 -0.818998
v 0.555570 -0.030000 -0.831470
v 0.563904 -0.025981 -0.843942
v 0.570004 -0.015000 -0.853072
v 0.485539 0.000000 -0.908379
v 0.483644 0.015000 -0.904834
v 0.478468 0.025981 -0.895150
v 0.471397 0.030000 -0.881921
v 0.464326 0.025981 -0.868692
v 0.459150 0.015000 -0.859008
v 0.457255 0.000000 -0.855464
v 0.459150 -0.015000 -0.859008
v 0.464326 -0.025981 -0.868692
v 0.471397 -0.030000 -0.881921
v 0.478468 -0.025981 -0.895150
v 0.483644 -0.015000 -0.904834
v 0.394164 0.000000 -0.951596
v 0.392626 0.015000 -0.947882
v 0.388424 0.025981 -0.937738
v 0.382684 0.030000 -0.923879
v 0.376943 0.025981 -0.910021
v 0.372741 0.015000 -0.899876
v 0.371203 0.000000 -0.896163
v 0.372741 -0.015000 -0.899876
v 0.376943 -0.025981 -0.910021
v 0.382684 -0.030000 -0.923879
v 0.388424 -0.025981 -0.937738
v 0.392626 -0.015000 -0.947882
v 0.298993 0.000000 -0.985649
v 0.297826 0.015000 -0.981802
v 0.294639 0.025981 -0.971294
v 0.290285 0.030000 -0.956940
v 0.285930 0.025981 -0.942586
v 0.282743 0.015000 -0.932078
v 0.281576 0.000000 -0.928232
v 0.282743 -0.015000 -0.932078
v 0.285930 -0.025981 -0.942586
v 0.290285 -0.030000 -0.956940
v 0.294639 -0.025981 -0.971294
v 0.297826 -0.015000 -0.981802
v 0.200943 0.000000 -1.010209
v 0.200159 0.015000 -1.006267
v 0.198017 0.025981 -0.995497
v 0.195090 0.030000 -0.980785
v 0.192164 0.025981 -0.966074
v 0.190022 0.015000 -0.955304
v 0.189238 0.000000 -0.951362
v 0.190022 -0.015000 -0.955304
v 0.192164 -0.025981 -0.966074
v 0.195090 -0.030000 -0.980785
v 0.198017 -0.025981 -0.995497
v 0.200159 -0.015000 -1.006267
v 0.100958 0.000000 -1.025040
v 0.100564 0.015000 -1.021040
v 0.099487 0.025981 -1.010113
v 0.098017 0.030000 -0.995185
v 0.096547 0.025981 -0.980257
v 0.095470 0.015000 -0.969329
v 0.095077 0.000000 -0.965329
v 0.095470 -0.015000 -0.969329
v 0.096547 -0.025981 -0.980257
v 0.098017 -0.030000 -0.995185
v 0.099487 -0.025981 -1.010113
v 0.100564 -0.015000 -1.021040
v 0.000000 0.000000 -1.030000
v 0.000000 0.015000 -1.025981
v 0.000000 0.025981 -1.015000
v 0.000000 0.030000 -1.000000
v 0.000000 0.025981 -0.985000
v 0.000000 0.015000 -0.974019
v 0.000000 0.000000 -0.970000
v 0.000000 -0.015000 -0.974019
v 0.000000 -0.025981 -0.985000
v 0.000000 -0.030000 -1.000000
v 0.000000 -0.025981 -1.015000
v 0.000000 -0.015000 -1.025981
v -0.100958 0.000000 -1.025040
v -0.100564 0.015000 -1.021040
v -0.099488 0.025981 -1.010113
v -0.098017 0.030000 -0.995185
v -0.096547 0.025981 -0.980257
v -0.095471 0.015000 -0.969329
v -0.095077 0.000000 -0.965329
v -0.095471 -0.015000 -0.969329
v -0.096547 -0.025981 -0.980257
v -0.098017 -0.030000 -0.995185
v -0.099488 -0.025981 -1.010113
v -0.100564 -0.015000 -1.021040
v -0.200943 0.000000 -1.010209
v -0.200159 0.015000 -1.006267
v -0.198017 0.025981 -0.995497
v -0.195090 0.030000 -0.980785
v -0.192164 0.025981 -0.966074
v -0.190022 0.015000 -0.955304
v -0.189238 0.000000 -0.951362
v -0.190022 -0.015000 -0.955304
v -0.192164 -0.025981 -0.966074
v -0.195090 -0.030000 -0.980785
v -0.198017 -0.025981 -0.995497
v -0.200159 -0.015000 -1.006267
v -0.298993 0.000000 -0.985649
v -0.297826 0.015000 -0.981802
v -0.294639 0.025981 -0.971295
v -0.290284 0.030000 -0.956940
v -0.285930 0.025981 -0.942586
v -0.282743 0.015000 -0.932078
v -0.281576 0.000000 -0.928232
v -0.282743 -0.015000 -0.932078
v -0.285930 -0.025981 -0.942586
v -0.290284 -0.030000 -0.956940
v -0.294639 -0.025981 -0.971295
v -0.297826 -0.015000 -0.981802
v -0.394164 0.000000 -0.951596
v -0.392626 0.015000 -0.947883
v -0.388424 0.025981 -0.937738
v -0.382684 0.030000 -0.923880
v -0.376943 0.025981 -0.910021
v -0.372741 0.015000 -0.899876
v -0.371203 0.000000 -0.896163
v -0.372741 -0.015000 -0.899876
v -0.376943 -0.025981 -0.910021
v -0.382684 -0.030000 -0.923880
v -0.388424 -0.025981 -0.937738
v -0.392626 -0.015000 -0.947883
v -0.485539 0.000000 -0.908379
v -0.483644 0.015000 -0.904834
v -0.478468 0.025981 -0.895150
v -0.471397 0.030000 -0.881921
v -0.464326 0.025981 -0.868692
v -0.459149 0.015000 -0.859008
v -0.457255 0.000000 -0.855464
v -0.459149 -0.015000 -0.859008
v -0.464326 -0.025981 -0.868692
v -0.471397 -0.030000 -0.881921
v -0.478468 -0.025981 -0.895150
v -0.483644 -0.015000 -0.904834
v -0.572237 0.000000 -0.856414
v -0.570004 0.015000 -0.853072
v -0.563904 0.025981 -0.843942
v -0.555570 0.030000 -0.831470
v -0.547236 0.025981 -0.818998
v -0.541136 0.015000 -0.809868
v -0.538903 0.000000 -0.806526
v -0.541136 -0.015000 -0.809868
v -0.547236 -0.025981 -0.818998
v -0.555570 -0.030000 -0.831470
v -0.563904 -0.025981 -0.843942
v -0.570004 -0.015000 -0.853072
v -0.653425 0.000000 -0.796201
v -0.650875 0.015000 -0.793094
v -0.643909 0.025981 -0.784606
v -0.634393 0.030000 -0.773010
v -0.624877 0.025981 -0.761415
v -0.617911 0.015000 -0.752927
v -0.615362 0.000000 -0.749820
v -0.617911 -0.015000 -0.752927
v -0.624877 -0.025981 -0.761415
v -0.634393 -0.030000 -0.773010
v -0.643909 -0.025981 -0.784606
v -0.650875 -0.015000 -0.793094
v -0.728320 0.000000 -0.728320
v -0.725478 0.015000 -0.725478
v -0.717714 0.025981 -0.717713
v -0.707107 0.030000 -0.707107
v -0.696500 0.025981 -0.696500
v -0.688736 0.015000 -0.688735
v -0.685894 0.000000 -0.685893
v -0.688736 -0.015000 -0.688735
v -0.696500 -0.025981 -0.696500
v -0.707107 -0.030000 -0.707107
v -0.717714 -0.025981 -0.717713
v -0.725478 -0.015000 -0.725478
v -0.796201 0.000000 -0.653425
v -0.793094 0.015000 -0.650875
v -0.784606 0.025981 -0.643909
v -0.773010 0.030000 -0.634393
v -0.761415 0.025981 -0.624877
v -0.752927 0.015000 -0.617911
v -0.749820 0.000000 -0.615362
v -0.752927 -0.015000 -0.617911
v -0.761415 -0.025981 -0.624877
v -0.773010 -0.030000 -0.634393
v -0.784606 -0.025981 -0.643909
v -0.793094 -0.015000 -0.650875
v -0.856414 0.000000 -0.572237
v -0.853072 0.015000 -0.570004
v -0.843942 0.025981 -0.563904
v -0.831470 0.030000 -0.555570
v -0.818998 0.025981 -0.547237
v -0.809867 0.015000 -0.541136
v -0.806525 0.000000 -0.538903
v -0.809867 -0.015000 -0.541136
v -0.818998 -0.025981 -0.547237
v -0.831470 -0.030000 -0.555570
v -0.843942 -0.025981 -0.563904
v -0.853072 -0.015000 -0.570004
v -0.908379 0.000000 -0.485539
v -0.904834 0.015000 -0.483644
v -0.895150 0.025981 -0.478468
v -0.881921 0.030000 -0.471397
v -0.868693 0.025981 -0.464326
v -0.859008 0.015000 -0.459149
v -0.855464 0.000000 -0.457255
v -0.859008 -0.015000 -0.459149
v -0.868693 -0.025981 -0.464326
v -0.881921 -0.030000 -0.471397
v -0.895150 -0.025981 -0.478468
v -0.904834 -0.015000 -0.483644
v -0.951596 0.000000 -0.394164
v -0.947883 0.015000 -0.392626
v -0.937738 0.025981 -0.388424
v -0.923880 0.030000 -0.382683
v -0.910021 0.025981 -0.376943
v -0.899876 0.015000 -0.372741
v -0.896163 0.000000 -0.371203
v -0.899876 -0.015000 -0.372741
v -0.910021 -0.025981 -0.376943
v -0.923880 -0.030000 -0.382683
v -0.937738 -0.025981 -0.388424
v -0.947883 -0.015000 -0.392626
v -0.985648 0.000000 -0.298993
v -0.981802 0.015000 -0.297827
v -0.971294 0.025981 -0.294639
v -0.956940 0.030000 -0.290285
v -0.942586 0.025981 -0.285931
v -0.932078 0.015000 -0.282743
v -0.928232 0.000000 -0.281576
v -0.932078 -0.015000 -0.282743
v -0.942586 -0.025981 -0.285931
v -0.956940 -0.030000 -0.290285
v -0.971294 -0.025981 -0.294639
v -0.981802 -0.015000 -0.297827
v -1.010209 0.000000 -0.200943
v -1.006267 0.015000 -0.200159
v -0.995497 0.025981 -0.198017
v -0.980785 0.030000 -0.195090
v -0.966074 0.025981 -0.192164
v -0.955304 0.015000 -0.190022
v -0.951362 0.000000 -0.189238
v -0.955304 -0.015000 -0.190022
v -0.966074 -0.025981 -0.192164
v -0.980785 -0.030000 -0.195090
v -0.995497 -0.025981 -0.198017
v -1.006267 -0.015000 -0.200159
v -1.025040 0.000000 -0.100957
v -1.021040 0.015000 -0.100563
v -1.010113 0.025981 -0.099487
v -0.995185 0.030000 -0.098017
v -0.980257 0.025981 -0.096547
v -0.969329 0.015000 -0.095470
v -0.965329 0.000000 -0.095076
v -0.969329 -0.015000 -0.095470
v -0.980257 -0.025981 -0.096547
v -0.995185 -0.030000 -0.098017
v -1.010113 -0.025981 -0.099487
v -1.021040 -0.015000 -0.100563
v -1.030000 0.000000 -0.000000
v -1.025981 0.015000 -0.000000
v -1.015000 0.025981 -0.000000
v -1.000000 0.030000 -0.000000
v -0.985000 0.025981 -0.000000
v -0.974019 0.015000 -0.000000
v -0.970000 0.000000 -0.000000
v -0.974019 -0.015000 -0.000000
v -0.985000 -0.025981 -0.000000
v -1.000000 -0.030000 -0.000000
v -1.015000 -0.025981 -0.000000
v -1.025981 -0.015000 -0.000000
v -1.025040 0.000000 0.100957
v -1.021040 0.015000 0.100563
v -1.010113 0.025981 0.099487
v -0.995185 0.030000 0.098017
v -0.980257 0.025981 0.096547
v -0.969329 0.015000 0.095470
v -0.965329 0.000000 0.095076
v -0.969329 -0.015000 0.095470
v -0.980257 -0.025981 0.096547
v -0.995185 -0.030000 0.098017
v -1.010113 -0.025981 0.099487
v -1.021040 -0.015000 0.100563
v -1.010209 0.000000 0.200943
v -1.006267 0.015000 0.200159
v -0.995497 0.025981 0.198017
v -0.980785 0.030000 0.195090
v -0.966074 0.025981 0.192164
v -0.955304 0.015000 0.190022
v -0.951362 0.000000 0.189238
v -0.955304 -0.015000 0.190022
v -0.966074 -0.025981 0.192164
v -0.980785 -0.030000 0.195090
v -0.995497 -0.025981 0.198017
v -1.006267 -0.015000 0.200159
v -0.985649 0.000000 0.298993
v -0.981802 0.015000 0.297826
v -0.971295 0.025981 0.294639
v -0.956940 0.030000 0.290284
v -0.942586 0.025981 0.285930
v -0.932078 0.015000 0.282743
v -0.928232 0.000000 0.281576
v -0.932078 -0.015000 0.282743
v -0.942586 -0.025981 0.285930
v -0.956940 -0.030000 0.290284
v -0.971295 -0.025981 0.294639
v -0.981802 -0.015000 0.297826
v -0.951596 0.000000 0.394164
v -0.947883 0.015000 0.392625
v -0.937738 0.025981 0.388423
v -0.923880 0.030000 0.382683
v -0.910021 0.025981 0.376943
v -0.899877 0.015000 0.372741
v -0.896163 0.000000 0.371203
v -0.899877 -0.015000 0.372741
v -0.910021 -0.025981 0.376943
v -0.923880 -0.030000 0.382683
v -0.937738 -0.025981 0.388423
v -0.947883 -0.015000 0.392625
v -0.908379 0.000000 0.485539
v -0.904834 0.015000 0.483644
v -0.895150 0.025981 0.478468
v -0.881921 0.030000 0.471397
v -0.868693 0.025981 0.464326
v -0.859008 0.015000 0.459149
v -0.855464 0.000000 0.457255
v -0.859008 -0.015000 0.459149
v -0.868693 -0.025981 0.464326
v -0.881921 -0.030000 0.471397
v -0.895150 -0.025981 0.478468
v -0.904834 -0.015000 0.483644
v -0.856414 0.000000 0.572237
v -0.853072 0.015000 0.570004
v -0.843942 0.025981 0.563904
v -0.831470 0.030000 0.555570
v -0.818998 0.025981 0.547237
v -0.809867 0.015000 0.541136
v -0.806525 0.000000 0.538903
v -0.809867 -0.015000 0.541136
v -0.818998 -0.025981 0.547237
v -0.831470 -0.030000 0.555570
v -0.843942 -0.025981 0.563904
v -0.853072 -0.015000 0.570004
v -0.796201 0.000000 0.653425
v -0.793094 0.015000 0.650875
v -0.784606 0.025981 0.643909
v -0.773011 0.030000 0.634393
v -0.761416 0.025981 0.624877
v -0.752927 0.015000 0.617911
v -0.749820 0.000000 0.615361
v -0.752927 -0.015000 0.617911
v -0.761416 -0.025981 0.624877
v -0.773011 -0.030000 0.634393
v -0.784606 -0.025981 0.643909
v -0.793094 -0.015000 0.650875
v -0.728320 0.000000 0.728320
v -0.725478 0.015000 0.725478
v -0.717714 0.025981 0.717713
v -0.707107 0.030000 0.707107
v -0.696500 0.025981 0.696500
v -0.688736 0.015000 0.688735
v -0.685894 0.000000 0.685893
v -0.688736 -0.015000 0.688735
v -0.696500 -0.025981 0.696500
v -0.707107 -0.030000 0.707107
v -0.717714 -0.025981 0.717713
v -0.725478 -0.015000 0.725478
v -0.653425 0.000000 0.796201
v -0.650875 0.015000 0.793094
v -0.643909 0.025981 0.784606
v -0.634393 0.030000 0.773010
v -0.624877 0.025981 0.761415
v -0.617911 0.015000 0.752927
v -0.615362 0.000000 0.749820
v -0.617911 -0.015000 0.752927
v -0.624877 -0.025981 0.761415
v -0.634393 -0.030000 0.773010
v -0.643909 -0.025981 0.784606
v -0.650875 -0.015000 0.793094
v -0.572238 0.000000 0.856413
v -0.570005 0.015000 0.853071
v -0.563904 0.025981 0.843941
v -0.555571 0.030000 0.831469
v -0.547237 0.025981 0.818997
v -0.541137 0.015000 0.809867
v -0.538904 0.000000 0.806525
v -0.541137 -0.015000 0.809867
v -0.547237 -0.025981 0.818997
v -0.555571 -0.030000 0.831469
v -0.563904 -0.025981 0.843941
v -0.570005 -0.015000 0.853071
v -0.485539 0.000000 0.908379
v -0.483644 0.015000 0.904834
v -0.478468 0.025981 0.895150
v -0.471397 0.030000 0.881921
v -0.464326 0.025981 0.868692
v -0.459150 0.015000 0.859008
v -0.457255 0.000000 0.855464
v -0.459150 -0.015000 0.859008
v -0.464326 -0.025981 0.868692
v -0.471397 -0.030000 0.881921
v -0.478468 -0.025981 0.895150
v -0.483644 -0.015000 0.904834
v -0.394164 0.000000 0.951596
v -0.392626 0.015000 0.947883
v -0.388424 0.025981 0.937738
v -0.382684 0.030000 0.923880
v -0.376943 0.025981 0.910021
v -0.372741 0.015000 0.899876
v -0.371203 0.000000 0.896163
v -0.372741 -0.015000 0.899876
v -0.376943 -0.025981 0.910021
v -0.382684 -0.030000 0.923880
v -0.388424 -0.025981 0.937738
v -0.392626 -0.015000 0.947883
v -0.298993 0.000000 0.985649
v -0.297826 0.015000 0.981802
v -0.294639 0.025981 0.971295
v -0.290284 0.030000 0.956940
v -0.285930 0.025981 0.942586
v -0.282743 0.015000 0.932078
v -0.281576 0.000000 0.928232
v -0.282743 -0.015000 0.932078
v -0.285930 -0.025981 0.942586
v -0.290284 -0.030000 0.956940
v -0.294639 -0.025981 0.971295
v -0.297826 -0.015000 0.981802
v -0.200944 0.000000 1.010209
v -0.200159 0.015000 1.006267
v -0.198017 0.025981 0.995497
v -0.195091 0.030000 0.980785
v -0.192164 0.025981 0.966073
v -0.190022 0.015000 0.955304
v -0.189238 0.000000 0.951362
v -0.190022 -0.015000 0.955304
v -0.192164 -0.025981 0.966073
v -0.195091 -0.030000 0.980785
v -0.198017 -0.025981 0.995497
v -0.200159 -0.015000 1.006267
v -0.100958 0.000000 1.025040
v -0.100564 0.015000 1.021040
v -0.099488 0.025981 1.010113
v -0.098017 0.030000 0.995185
v -0.096547 0.025981 0.980257
v -0.095471 0.015000 0.969329
v -0.095077 0.000000 0.965329
v -0.095471 -0.015000 0.969329
v -0.096547 -0.025981 0.980257
v -0.098017 -0.030000 0.995185
v -0.099488 -0.025981 1.010113
v -0.100564 -0.015000 1.021040
v 0.000000 0.000000 1.030000
v 0.000000 0.015000 1.025981
v 0.000000 0.025981 1.015000
v 0.000000 0.030000 1.000000
v 0.000000 0.025981 0.985000
v 0.000000 0.015000 0.974019
v 0.000000 0.000000 0.970000
v 0.000000 -0.015000 0.974019
v 0.000000 -0.025981 0.985000
v 0.000000 -0.030000 1.000000
v 0.000000 -0.025981 1.015000
v 0.000000 -0.015000 1.025981
v 0.100957 0.000000 1.025040
v 0.100563 0.015000 1.021040
v 0.099487 0.025981 1.010113
v 0.098017 0.030000 0.995185
v 0.096546 0.025981 0.980257
v 0.095470 0.015000 0.969329
v 0.095076 0.000000 0.965329
v 0.095470 -0.015000 0.969329
v 0.096546 -0.025981 0.980257
v 0.098017 -0.030000 0.995185
v 0.099487 -0.025981 1.010113
v 0.100563 -0.015000 1.021040
v 0.200943 0.000000 1.010209
v 0.200159 0.015000 1.006267
v 0.198016 0.025981 0.995497
v 0.195090 0.030000 0.980785
v 0.192164 0.025981 0.966074
v 0.190021 0.015000 0.955304
v 0.189237 0.000000 0.951362
v 0.190021 -0.015000 0.955304
v 0.192164 -0.025981 0.966074
v 0.195090 -0.030000 0.980785
v 0.198016 -0.025981 0.995497
v 0.200159 -0.015000 1.006267
v 0.298993 0.000000 0.985649
v 0.297826 0.015000 0.981802
v 0.294639 0.025981 0.971294
v 0.290285 0.030000 0.956940
v 0.285930 0.025981 0.942586
v 0.282743 0.015000 0.932078
v 0.281576 0.000000 0.928232
v 0.282743 -0.015000 0.932078
v 0.285930 -0.025981 0.942586
v 0.290285 -0.030000 0.956940
v 0.294639 -0.025981 0.971294
v 0.297826 -0.015000 0.981802
v 0.394164 0.000000 0.951596
v 0.392626 0.015000 0.947882
v 0.388424 0.025981 0.937738
v 0.382684 0.030000 0.923879
v 0.376943 0.025981 0.910021
v 0.372741 0.015000 0.899876
v 0.371203 0.000000 0.896163
v 0.372741 -0.015000 0.899876
v 0.376943 -0.025981 0.910021
v 0.382684 -0.030000 0.923879
v 0.388424 -0.025981 0.937738
v 0.392626 -0.015000 0.947882
v 0.485538 0.000000 0.908379
v 0.483644 0.015000 0.904834
v 0.478467 0.025981 0.895150
v 0.471396 0.030000 0.881921
v 0.464325 0.025981 0.868693
v 0.459149 0.015000 0.859008
v 0.457254 0.000000 0.855464
v 0.459149 -0.015000 0.859008
v 0.464325 -0.025981 0.868693
v 0.471396 -0.030000 0.881921
v 0.478467 -0.025981 0.895150
v 0.483644 -0.015000 0.904834
v 0.572237 0.000000 0.856414
v 0.570004 0.015000 0.853072
v 0.563904 0.025981 0.843942
v 0.555570 0.030000 0.831470
v 0.547237 0.025981 0.818998
v 0.541136 0.015000 0.809868
v 0.538903 0.000000 0.806526
v 0.541136 -0.015000 0.809868
v 0.547237 -0.025981 0.818998
v 0.555570 -0.030000 0.831470
v 0.563904 -0.025981 0.843942
v 0.570004 -0.015000 0.853072
v 0.653425 0.000000 0.796201
v 0.650875 0.015000 0.793094
v 0.643909 0.025981 0.784606
v 0.634393 0.030000 0.773010
v 0.624878 0.025981 0.761415
v 0.617911 0.015000 0.752927
v 0.615362 0.000000 0.749820
v 0.617911 -0.015000 0.752927
v 0.624878 -0.025981 0.761415
v 0.634393 -0.030000 0.773010
v 0.643909 -0.025981 0.784606
v 0.650875 -0.015000 0.793094
v 0.728320 0.000000 0.728320
v 0.725478 0.015000 0.725478
v 0.717713 0.025981 0.717714
v 0.707106 0.030000 0.707107
v 0.696500 0.025981 0.696501
v 0.688735 0.015000 0.688736
v 0.685893 0.000000 0.685894
v 0.688735 -0.015000 0.688736
v 0.696500 -0.025981 0.696501
v 0.707106 -0.030000 0.707107
v 0.717713 -0.025981 0.717714
v 0.725478 -0.015000 0.725478
v 0.796201 0.000000 0.653425
v 0.793094 0.015000 0.650876
v 0.784605 0.025981 0.643909
v 0.773010 0.030000 0.634394
v 0.761415 0.025981 0.624878
v 0.752927 0.015000 0.617911
v 0.749820 0.000000 0.615362
v 0.752927 -0.015000 0.617911
v 0.761415 -0.025981 0.624878
v 0.773010 -0.030000 0.634394
v 0.784605 -0.025981 0.643909
v 0.793094 -0.015000 0.650876
v 0.856414 0.000000 0.572237
v 0.853072 0.015000 0.570004
v 0.843942 0.025981 0.563904
v 0.831470 0.030000 0.555570
v 0.818998 0.025981 0.547237
v 0.809867 0.015000 0.541136
v 0.806526 0.000000 0.538903
v 0.809867 -0.015000 0.541136
v 0.818998 -0.025981 0.547237
v 0.831470 -0.030000 0.555570
v 0.843942 -0.025981 0.563904
v 0.853072 -0.015000 0.570004
v 0.908379 0.000000 0.485538
v 0.904834 0.015000 0.483644
v 0.895150 0.025981 0.478467
v 0.881921 0.030000 0.471397
v 0.868693 0.025981 0.464326
v 0.859008 0.015000 0.459149
v 0.855464 0.000000 0.457255
v 0.859008 -0.015000 0.459149
v 0.868693 -0.025981 0.464326
v 0.881921 -0.030000 0.471397
v 0.895150 -0.025981 0.478467
v 0.904834 -0.015000 0.483644
v 0.951596 0.000000 0.394164
v 0.947882 0.015000 0.392626
v 0.937738 0.025981 0.388424
v 0.923879 0.030000 0.382684
v 0.910021 0.025981 0.376944
v 0.899876 0.015000 0.372741
v 0.896163 0.000000 0.371203
v 0.899876 -0.015000 0.372741
v 0.910021 -0.025981 0.376944
v 0.923879 -0.030000 0.382684
v 0.937738 -0.025981 0.388424
v 0.947882 -0.015000 0.392626
v 0.985648 0.000000 0.298993
v 0.981802 0.015000 0.297827
v 0.971294 0.025981 0.294639
v 0.956940 0.030000 0.290285
v 0.942586 0.025981 0.285931
v 0.932078 0.015000 0.282743
v 0.928232 0.000000 0.281576
v 0.932078 -0.015000 0.282743
v 0.942586 -0.025981 0.285931
v 0.956940 -0.030000 0.290285
v 0.971294 -0.025981 0.294639
v 0.981802 -0.015000 0.297827
v 1.010209 0.000000 0.200943
v 1.006267 0.015000 0.200159
v 0.995497 0.025981 0.198017
v 0.980785 0.030000 0.195090
v 0.966074 0.025981 0.192164
v 0.955304 0.015000 0.190022
v 0.951362 0.000000 0.189237
v 0.955304 -0.015000 0.190022
v 0.966074 -0.025981 0.192164
v 0.980785 -0.030000 0.195090
v 0.995497 -0.025981 0.198017
v 1.006267 -0.015000 0.200159
v 1.025040 0.000000 0.100958
v 1.021040 0.015000 0.100564
v 1.010112 0.025981 0.099488
v 0.995185 0.030000 0.098018
v 0.980257 0.025981 0.096547
v 0.969329 0.015000 0.095471
v 0.965329 0.000000 0.095077
v 0.969329 -0.015000 0.095471
v 0.980257 -0.025981 0.096547
v 0.995185 -0.030000 0.098018
v 1.010112 -0.025981 0.099488
v 1.021040 -0.015000 0.100564
usemtl Rotate_Y
s 1
f 1549 1538 1537
f 1538 1551 1539
f 1551 1540 1539
f 1552 1541 1540
f 1541 1554 1542
f 1554 1543 1542
f 1555 1544 1543
f 1556 1545 1544
f 1557 1546 1545
f 1546 1559 1547
f 1559 1548 1547
f 1560 1537 1548
f 1561 1550 1549
f 1550 1563 1551
f 1563 1552 1551
f 1552 1565 1553
f 1565 1554 1553
f 1566 1555 1554
f 1555 1568 1556
f 1568 1557 1556
f 1569 1558 1557
f 1558 1571 1559
f 1571 1560 1559
f 1560 1561 1549
f 1573 1562 1561
f 1562 1575 1563
f 1563 1576 1564
f 1564 1577 1565
f 1577 1566 1565
f 1578 1567 1566
f 1579 1568 1567
f 1580 1569 1568
f 1581 1570 1569
f 1582 1571 1570
f 1583 1572 1571
f 1584 1561 1572
f 1585 1574 1573
f 1574 1587 1575
f 1587 1576 1575
f 1588 1577 1576
f 1577 1590 1578
f 1578 1591 1579
f 1591 1580 1579
f 1592 1581 1580
f 1581 1594 1582
f 1594 1583 1582
f 1595 1584 1583
f 1596 1573 1584
f 1597 1586 1585
f 1586 1599 1587
f 1599 1588 1587
f 1588 1601 1589
f 1589 1602 1590
f 1602 1591 1590
f 1591 1604 1592
f 1604 1593 1592
f 1605 1594 1593
f 1606 1595 1594
f 1607 1596 1595
f 1608 1585 1596
f 1609 1598 1597
f 1610 1599 1598
f 1611 1600 1599
f 1600 1613 1601
f 1601 1614 1602
f 1614 1603 1602
f 1603 1616 1604
f 1616 1605 1604
f 1617 1606 1605
f 1618 1607 1606
f 1607 1620 1608
f 1608 1609 1597
f 1621 1610 1609
f 1622 1611 1610
f 1611 1624 1612
f 1612 1625 1613
f 1625 1614 1613
f 1626 1615 1614
f 1615 1628 1616
f 1628 1617 1616
f 1629 1618 1617
f 1630 1619 1618
f 1631 1620 1619
f 1620 1621 1609
f 1633 1622 1621
f 1634 1623 1622
f 1635 1624 1623
f 1636 1625 1624
f 1625 1638 1626
f 1638 1627 1626
f 1639 1628 1627
f 1640 1629 1628
f 1629 1642 1630
f 1630 1643 1631
f 1643 1632 1631
f 1632 1633 1621
f 1645 1634 1633
f 1646 1635 1634
f 1635 1648 1636
f 1636 1649 1637
f 1649 1638 1637
f 1638 1651 1639
f 1651 1640 1639
f 1640 1653 1641
f 1653 1642 1641
f 1654 1643 1642
f 1655 1644 1643
f 1656 1633 1644
f 1645 1658 1646
f 1646 1659 1647
f 1659 1648 1647
f 1660 1649 1648
f 1661 1650 1649
f 1650 1663 1651
f 1663 1652 1651
f 1652 1665 1653
f 1653 1666 1654
f 1666 1655 1654
f 1667 1656 1655
f 1668 1645 1656
f 1657 1670 1658
f 1670 1659 1658
f 1671 1660 1659
f 1672 1661 1660
f 1673 1662 1661
f 1662 1675 1663
f 1675 1664 1663
f 1664 1677 1665
f 1665 1678 1666
f 1678 1667 1666
f 1667 1680 1668
f 1680 1657 1668
f 1669 1682 1670
f 1682 1671 1670
f 1671 1684 1672
f 1672 1685 1673
f 1685 1674 1673
f 1674 1687 1675
f 1687 1676 1675
f 1676 1689 1677
f 1689 1678 1677
f 1690 1679 1678
f 1691 1680 1679
f 1692 1669 1680
f 1693 1682 1681
f 1682 1695 1683
f 1695 1684 1683
f 1696 1685 1684
f 1697 1686 1685
f 1698 1687 1686
f 1699 1688 1687
f 1688 1701 1689
f 1701 1690 1689
f 1690 1703 1691
f 1703 1692 1691
f 1692 1693 1681
f 1705 1694 1693
f 1694 1707 1695
f 1707 1696 1695
f 1708 1697 1696
f 1697 1710 1698
f 1710 1699 1698
f 1699 1712 1700
f 1712 1701 1700
f 1713 1702 1701
f 1702 1715 1703
f 1715 1704 1703
f 1704 1705 1693
f 1717 1706 1705
f 1718 1707 1706
f 1707 1720 1708
f 1720 1709 1708
f 1709 1722 1710
f 1710 1723 1711
f 1723 1712 1711
f 1724 1713 1712
f 1725 1714 1713
f 1726 1715 1714
f 1727 1716 1715
f 1716 1717 1705
f 1729 1718 1717
f 1730 1719 1718
f 1731 1720 1719
f 1732 1721 1720
f 1733 1722 1721
f 1722 1735 1723
f 1735 1724 1723
f 1736 1725 1724
f 1725 1738 1726
f 1738 1727 1726
f 1727 1740 1728
f 1740 1717 1728
f 1729 1742 1730
f 1730 1743 1731
f 1731 1744 1732
f 1744 1733 1732
f 1745 1734 1733
f 1746 1735 1734
f 1747 1736 1735
f 1748 1737 1736
f 1749 1738 1737
f 1750 1739 1738
f 1751 1740 1739
f 1752 1729 1740
f 1753 1742 1741
f 1754 1743 1742
f 1755 1744 1743
f 1756 1745 1744
f 1757 1746 1745
f 1758 1747 1746
f 1759 1748 1747
f 1760 1749 1748
f 1761 1750 1749
f 1750 1763 1751
f 1763 1752 1751
f 1764 1741 1752
f 1753 1766 1754
f 1754 1767 1755
f 1755 1768 1756
f 1768 1757 1756
f 1769 1758 1757
f 1758 1771 1759
f 1771 1760 1759
f 1760 1773 1761
f 1761 1774 1762
f 1774 1763 1762
f 1775 1764 1763
f 1776 1753 1764
f 1765 1778 1766
f 1778 1767 1766
f 1767 1780 1768
f 1780 1769 1768
f 1781 1770 1769
f 1782 1771 1770
f 1783 1772 1771
f 1784 1773 1772
f 1773 1786 1774
f 1774 1787 1775
f 1787 1776 1775
f 1788 1765 1776
f 1789 1778 1777
f 1790 1779 1778
f 1791 1780 1779
f 1792 1781 1780
f 1781 1794 1782
f 1794 1783 1782
f 1783 1796 1784
f 1796 1785 1784
f 1785 1798 1786
f 1786 1799 1787
f 1787 1800 1788
f 1800 1777 1788
f 1801 1790 1789
f 1790 1803 1791
f 1803 1792 1791
f 1792 1805 1793
f 1805 1794 1793
f 1806 1795 1794
f 1795 1808 1796
f 1808 1797 1796
f 1797 1810 1798
f 1798 1811 1799
f 1811 1800 1799
f 1800 1801 1789
f 1813 1802 1801
f 1814 1803 1802
f 1803 1816 1804
f 1804 1817 1805
f 1805 1818 1806
f 1818 1807 1806
f 1807 1820 1808
f 1820 1809 1808
f 1821 1810 1809
f 1822 1811 1810
f 1811 1824 1812
f 1824 1801 1812
f 1825 1814 1813
f 1826 1815 1814
f 1815 1828 1816
f 1828 1817 1816
f 1829 1818 1817
f 1830 1819 1818
f 1831 1820 1819
f 1820 1833 1821
f 1821 1834 1822
f 1834 1823 1822
f 1823 1836 1824
f 1824 1825 1813
f 1825 1838 1826
f 1826 1839 1827
f 1839 1828 1827
f 1840 1829 1828
f 1829 1842 1830
f 1830 1843 1831
f 1843 1832 1831
f 1844 1833 1832
f 1845 1834 1833
f 1846 1835 1834
f 1847 1836 1835
f 1848 1825 1836
f 1837 1850 1838
f 1838 1851 1839
f 1851 1840 1839
f 1852 1841 1840
f 1841 1854 1842
f 1842 1855 1843
f 1855 1844 1843
f 1856 1845 1844
f 1845 1858 1846
f 1846 1859 1847
f 1859 1848 1847
f 1860 1837 1848
f 1849 1862 1850
f 1862 1851 1850
f 1851 1864 1852
f 1852 1865 1853
f 1865 1854 1853
f 1854 1867 1855
f 1867 1856 1855
f 1856 1869 1857
f 1869 1858 1857
f 1870 1859 1858
f 1859 1872 1860
f 1872 1849 1860
f 1873 1862 1861
f 1874 1863 1862
f 1875 1864 1863
f 1864 1877 1865
f 1877 1866 1865
f 1878 1867 1866
f 1867 1880 1868
f 1868 1881 1869
f 1881 1870 1869
f 1882 1871 1870
f 1871 1884 1872
f 1884 1861 1872
f 1885 1874 1873
f 1886 1875 1874
f 1887 1876 1875
f 1888 1877 1876
f 1889 1878 1877
f 1878 1891 1879
f 1891 1880 1879
f 1880 1893 1881
f 1893 1882 1881
f 1894 1883 1882
f 1895 1884 1883
f 1884 1885 1873
f 1897 1886 1885
f 1886 1899 1887
f 1887 1900 1888
f 1888 1901 1889
f 1889 1902 1890
f 1890 1903 1891
f 1903 1892 1891
f 1904 1893 1892
f 1905 1894 1893
f 1906 1895 1894
f 1907 1896 1895
f 1896 1897 1885
f 1909 1898 1897
f 1898 1911 1899
f 1911 1900 1899
f 1912 1901 1900
f 1913 1902 1901
f 1914 1903 1902
f 1915 1904 1903
f 1916 1905 1904
f 1905 1918 1906
f 1918 1907 1906
f 1919 1908 1907
f 1908 1909 1897
f 1921 1910 1909
f 1922 1911 1910
f 1923 1912 1911
f 1924 1913 1912
f 1925 1914 1913
f 1914 1927 1915
f 1927 1916 1915
f 1916 1929 1917
f 1917 1930 1918
f 1930 1919 1918
f 1931 1920 1919
f 1932 1909 1920
f 1933 1922 1921
f 1934 1923 1922
f 1935 1924 1923
f 1924 1937 1925
f 1925 1938 1926
f 1938 1927 1926
f 1927 1940 1928
f 1940 1929 1928
f 1941 1930 1929
f 1930 1943 1931
f 1943 1932 1931
f 1944 1921 1932
f 1933 1946 1934
f 1946 1935 1934
f 1947 1936 1935
f 1936 1949 1937
f 1949 1938 1937
f 1950 1939 1938
f 1951 1940 1939
f 1952 1941 1940
f 1953 1942 1941
f 1954 1943 1942
f 1943 1956 1944
f 1956 1933 1944
f 1957 1946 1945
f 1958 1947 1946
f 1947 1960 1948
f 1960 1949 1948
f 1961 1950 1949
f 1950 1963 1951
f 1963 1952 1951
f 1952 1965 1953
f 1953 1966 1954
f 1954 1967 1955
f 1955 1968 1956
f 1968 1945 1956
f 1957 1970 1958
f 1970 1959 1958
f 1959 1972 1960
f 1960 1973 1961
f 1961 1974 1962
f 1962 1975 1963
f 1975 1964 1963
f 1976 1965 1964
f 1977 1966 1965
f 1978 1967 1966
f 1967 1980 1968
f 1980 1957 1968
f 1969 1982 1970
f 1970 1983 1971
f 1983 1972 1971
f 1984 1973 1972
f 1985 1974 1973
f 1986 1975 1974
f 1987 1976 1975
f 1976 1989 1977
f 1989 1978 1977
f 1978 1991 1979
f 1991 1980 1979
f 1992 1969 1980
f 1993 1982 1981
f 1982 1995 1983
f 1995 1984 1983
f 1996 1985 1984
f 1985 1998 1986
f 1998 1987 1986
f 1987 2000 1988
f 2000 1989 1988
f 1989 2002 1990
f 1990 2003 1991
f 2003 1992 1991
f 1992 1993 1981
f 2005 1994 1993
f 2006 1995 1994
f 2007 1996 1995
f 1996 2009 1997
f 2009 1998 1997
f 1998 2011 1999
f 1999 2012 2000
f 2012 2001 2000
f 2013 2002 2001
f 2014 2003 2002
f 2015 2004 2003
f 2004 2005 1993
f 2017 2006 2005
f 2018 2007 2006
f 2007 2020 2008
f 2008 2021 2009
f 2009 2022 2010
f 2010 2023 2011
f 2023 2012 2011
f 2012 2025 2013
f 2025 2014 2013
f 2026 2015 2014
f 2027 2016 2015
f 2028 2005 2016
f 2017 2030 2018
f 2030 2019 2018
f 2031 2020 2019
f 2020 2033 2021
f 2021 2034 2022
f 2034 2023 2022
f 2035 2024 2023
f 2036 2025 2024
f 2025 2038 2026
f 2038 2027 2026
f 2039 2028 2027
f 2040 2017 2028
f 2041 2030 2029
f 2030 2043 2031
f 2043 2032 2031
f 2044 2033 2032
f 2045 2034 2033
f 2034 2047 2035
f 2047 2036 2035
f 2048 2037 2036
f 2037 2050 2038
f 2038 2051 2039
f 2051 2040 2039
f 2040 2041 2029
f 2053 2042 2041
f 2054 2043 2042
f 2055 2044 2043
f 2044 2057 2045
f 2057 2046 2045
f 2046 2059 2047
f 2059 2048 2047
f 2048 2061 2049
f 2061 2050 2049
f 2062 2051 2050
f 2051 2064 2052
f 2052 2053 2041
f 2065 2054 2053
f 2066 2055 2054
f 2055 2068 2056
f 2056 2069 2057
f 2069 2058 2057
f 2070 2059 2058
f 2071 2060 2059
f 2060 2073 2061
f 2073 2062 2061
f 2074 2063 2062
f 2075 2064 2063
f 2064 2065 2053
f 2077 2066 2065
f 2078 2067 2066
f 2079 2068 2067
f 2068 2081 2069
f 2081 2070 2069
f 2070 2083 2071
f 2071 2084 2072
f 2072 2085 2073
f 2085 2074 2073
f 2086 2075 2074
f 2075 2088 2076
f 2076 2077 2065
f 2089 2078 2077
f 2078 2091 2079
f 2091 2080 2079
f 2092 2081 2080
f 2093 2082 2081
f 2094 2083 2082
f 2083 2096 2084
f 2096 2085 2084
f 2097 2086 2085
f 2086 2099 2087
f 2099 2088 2087
f 2100 2077 2088
f 2089 2102 2090
f 2102 2091 2090
f 2091 2104 2092
f 2104 2093 2092
f 2105 2094 2093
f 2106 2095 2094
f 2107 2096 2095
f 2108 2097 2096
f 2097 2110 2098
f 2110 2099 2098
f 2099 2112 2100
f 2112 2089 2100
f 2113 2102 2101
f 2114 2103 2102
f 2115 2104 2103
f 2116 2105 2104
f 2117 2106 2105
f 2118 2107 2106
f 2119 2108 2107
f 2120 2109 2108
f 2121 2110 2109
f 2110 2123 2111
f 2111 2124 2112
f 2112 2113 2101
f 2125 2114 2113
f 2126 2115 2114
f 2127 2116 2115
f 2128 2117 2116
f 2129 2118 2117
f 2130 2119 2118
f 2131 2120 2119
f 2132 2121 2120
f 2133 2122 2121
f 2134 2123 2122
f 2135 2124 2123
f 2136 2113 2124
f 2125 2138 2126
f 2138 2127 2126
f 2139 2128 2127
f 2128 2141 2129
f 2141 2130 2129
f 2142 2131 2130
f 2143 2132 2131
f 2132 2145 2133
f 2145 2134 2133
f 2134 2147 2135
f 2135 2148 2136
f 2148 2125 2136
f 2137 2150 2138
f 2138 2151 2139
f 2139 2152 2140
f 2152 2141 2140
f 2153 2142 2141
f 2154 2143 2142
f 2155 2144 2143
f 2144 2157 2145
f 2157 2146 2145
f 2158 2147 2146
f 2159 2148 2147
f 2160 2137 2148
f 2149 2162 2150
f 2162 2151 2150
f 2151 2164 2152
f 2164 2153 2152
f 2153 2166 2154
f 2166 2155 2154
f 2167 2156 2155
f 2168 2157 2156
f 2169 2158 2157
f 2170 2159 2158
f 2159 2172 2160
f 2172 2149 2160
f 2161 2174 2162
f 2162 2175 2163
f 2175 2164 2163
f 2176 2165 2164
f 2165 2178 2166
f 2166 2179 2167
f 2179 2168 2167
f 2180 2169 2168
f 2181 2170 2169
f 2170 2183 2171
f 2183 2172 2171
f 2184 2161 2172
f 2185 2174 2173
f 2174 2187 2175
f 2187 2176 2175
f 2176 2189 2177
f 2177 2190 2178
f 2190 2179 2178
f 2191 2180 2179
f 2192 2181 2180
f 2193 2182 2181
f 2182 2195 2183
f 2195 2184 2183
f 2184 2185 2173
f 2197 2186 2185
f 2198 2187 2186
f 2199 2188 2187
f 2200 2189 2188
f 2189 2202 2190
f 2202 2191 2190
f 2191 2204 2192
f 2204 2193 2192
f 2193 2206 2194
f 2194 2207 2195
f 2195 2208 2196
f 2196 2197 2185
f 2197 2210 2198
f 2210 2199 2198
f 2211 2200 2199
f 2200 2213 2201
f 2201 2214 2202
f 2214 2203 2202
f 2203 2216 2204
f 2216 2205 2204
f 2217 2206 2205
f 2218 2207 2206
f 2219 2208 2207
f 2220 2197 2208
f 2209 2222 2210
f 2222 2211 2210
f 2223 2212 2211
f 2212 2225 2213
f 2225 2214 2213
f 2226 2215 2214
f 2215 2228 2216
f 2228 2217 2216
f 2229 2218 2217
f 2230 2219 2218
f 2219 2232 2220
f 2232 2209 2220
f 2221 2234 2222
f 2234 2223 2222
f 2223 2236 2224
f 2236 2225 2224
f 2237 2226 2225
f 2226 2239 2227
f 2239 2228 2227
f 2228 2241 2229
f 2229 2242 2230
f 2242 2231 2230
f 2231 2244 2232
f 2244 2221 2232
f 2233 2246 2234
f 2246 2235 2234
f 2235 2248 2236
f 2236 2249 2237
f 2249 2238 2237
f 2238 2251 2239
f 2251 2240 2239
f 2240 2253 2241
f 2253 2242 2241
f 2254 2243 2242
f 2255 2244 2243
f 2256 2233 2244
f 2257 2246 2245
f 2258 2247 2246
f 2247 2260 2248
f 2260 2249 2248
f 2261 2250 2249
f 2262 2251 2250
f 2251 2264 2252
f 2264 2253 2252
f 2253 2266 2254
f 2266 2255 2254
f 2267 2256 2255
f 2268 2245 2256
f 2269 2258 2257
f 2270 2259 2258
f 2259 2272 2260
f 2272 2261 2260
f 2273 2262 2261
f 2274 2263 2262
f 2275 2264 2263
f 2276 2265 2264
f 2265 2278 2266
f 2278 2267 2266
f 2267 2280 2268
f 2280 2257 2268
f 2281 2270 2269
f 2282 2271 2270
f 2283 2272 2271
f 2284 2273 2272
f 2273 2286 2274
f 2286 2275 2274
f 2287 2276 2275
f 2288 2277 2276
f 2289 2278 2277
f 2290 2279 2278
f 2291 2280 2279
f 2280 2281 2269
f 2293 2282 2281
f 2294 2283 2282
f 2295 2284 2283
f 2296 2285 2284
f 2285 2298 2286
f 2298 2287 2286
f 2287 2300 2288
f 2300 2289 2288
f 2289 2302 2290
f 2290 2303 2291
f 2303 2292 2291
f 2292 2293 2281
f 1537 2294 2293
f 1538 2295 2294
f 2295 1540 2296
f 1540 2297 2296
f 1541 2298 2297
f 1542 2299 2298
f 1543 2300 2299
f 1544 2301 2300
f 1545 2302 2301
f 1546 2303 2302
f 1547 2304 2303
f 1548 2293 2304
f 1549 1550 1538
f 1538 1550 1551
f 1551 1552 1540
f 1552 1553 1541
f 1541 1553 1554
f 1554 1555 1543
f 1555 1556 1544
f 1556 1557 1545
f 1557 1558 1546
f 1546 1558 1559
f 1559 1560 1548
f 1560 1549 1537
f 1561 1562 1550
f 1550 1562 1563
f 1563 1564 1552
f 1552 1564 1565
f 1565 1566 1554
f 1566 1567 1555
f 1555 1567 1568
f 1568 1569 1557
f 1569 1570 1558
f 1558 1570 1571
f 1571 1572 1560
f 1560 1572 1561
f 1573 1574 1562
f 1562 1574 1575
f 1563 1575 1576
f 1564 1576 1577
f 1577 1578 1566
f 1578 1579 1567
f 1579 1580 1568
f 1580 1581 1569
f 1581 1582 1570
f 1582 1583 1571
f 1583 1584 1572
f 1584 1573 1561
f 1585 1586 1574
f 1574 1586 1587
f 1587 1588 1576
f 1588 1589 1577
f 1577 1589 1590
f 1578 1590 1591
f 1591 1592 1580
f 1592 1593 1581
f 1581 1593 1594
f 1594 1595 1583
f 1595 1596 1584
f 1596 1585 1573
f 1597 1598 1586
f 1586 1598 1599
f 1599 1600 1588
f 1588 1600 1601
f 1589 1601 1602
f 1602 1603 1591
f 1591 1603 1604
f 1604 1605 1593
f 1605 1606 1594
f 1606 1607 1595
f 1607 1608 1596
f 1608 1597 1585
f 1609 1610 1598
f 1610 1611 1599
f 1611 1612 1600
f 1600 1612 1613
f 1601 1613 1614
f 1614 1615 1603
f 1603 1615 1616
f 1616 1617 1605
f 1617 1618 1606
f 1618 1619 1607
f 1607 1619 1620
f 1608 1620 1609
f 1621 1622 1610
f 1622 1623 1611
f 1611 1623 1624
f 1612 1624 1625
f 1625 1626 1614
f 1626 1627 1615
f 1615 1627 1628
f 1628 1629 1617
f 1629 1630 1618
f 1630 1631 1619
f 1631 1632 1620
f 1620 1632 1621
f 1633 1634 1622
f 1634 1635 1623
f 1635 1636 1624
f 1636 1637 1625
f 1625 1637 1638
f 1638 1639 1627
f 1639 1640 1628
f 1640 1641 1629
f 1629 1641 1642
f 1630 1642 1643
f 1643 1644 1632
f 1632 1644 1633
f 1645 1646 1634
f 1646 1647 1635
f 1635 1647 1648
f 1636 1648 1649
f 1649 1650 1638
f 1638 1650 1651
f 1651 1652 1640
f 1640 1652 1653
f 1653 1654 1642
f 1654 1655 1643
f 1655 1656 1644
f 1656 1645 1633
f 1645 1657 1658
f 1646 1658 1659
f 1659 1660 1648
f 1660 1661 1649
f 1661 1662 1650
f 1650 1662 1663
f 1663 1664 1652
f 1652 1664 1665
f 1653 1665 1666
f 1666 1667 1655
f 1667 1668 1656
f 1668 1657 1645
f 1657 1669 1670
f 1670 1671 1659
f 1671 1672 1660
f 1672 1673 1661
f 1673 1674 1662
f 1662 1674 1675
f 1675 1676 1664
f 1664 1676 1677
f 1665 1677 1678
f 1678 1679 1667
f 1667 1679 1680
f 1680 1669 1657
f 1669 1681 1682
f 1682 1683 1671
f 1671 1683 1684
f 1672 1684 1685
f 1685 1686 1674
f 1674 1686 1687
f 1687 1688 1676
f 1676 1688 1689
f 1689 1690 1678
f 1690 1691 1679
f 1691 1692 1680
f 1692 1681 1669
f 1693 1694 1682
f 1682 1694 1695
f 1695 1696 1684
f 1696 1697 1685
f 1697 1698 1686
f 1698 1699 1687
f 1699 1700 1688
f 1688 1700 1701
f 1701 1702 1690
f 1690 1702 1703
f 1703 1704 1692
f 1692 1704 1693
f 1705 1706 1694
f 1694 1706 1707
f 1707 1708 1696
f 1708 1709 1697
f 1697 1709 1710
f 1710 1711 1699
f 1699 1711 1712
f 1712 1713 1701
f 1713 1714 1702
f 1702 1714 1715
f 1715 1716 1704
f 1704 1716 1705
f 1717 1718 1706
f 1718 1719 1707
f 1707 1719 1720
f 1720 1721 1709
f 1709 1721 1722
f 1710 1722 1723
f 1723 1724 1712
f 1724 1725 1713
f 1725 1726 1714
f 1726 1727 1715
f 1727 1728 1716
f 1716 1728 1717
f 1729 1730 1718
f 1730 1731 1719
f 1731 1732 1720
f 1732 1733 1721
f 1733 1734 1722
f 1722 1734 1735
f 1735 1736 1724
f 1736 1737 1725
f 1725 1737 1738
f 1738 1739 1727
f 1727 1739 1740
f 1740 1729 1717
f 1729 1741 1742
f 1730 1742 1743
f 1731 1743 1744
f 1744 1745 1733
f 1745 1746 1734
f 1746 1747 1735
f 1747 1748 1736
f 1748 1749 1737
f 1749 1750 1738
f 1750 1751 1739
f 1751 1752 1740
f 1752 1741 1729
f 1753 1754 1742
f 1754 1755 1743
f 1755 1756 1744
f 1756 1757 1745
f 1757 1758 1746
f 1758 1759 1747
f 1759 1760 1748
f 1760 1761 1749
f 1761 1762 1750
f 1750 1762 1763
f 1763 1764 1752
f 1764 1753 1741
f 1753 1765 1766
f 1754 1766 1767
f 1755 1767 1768
f 1768 1769 1757
f 1769 1770 1758
f 1758 1770 1771
f 1771 1772 1760
f 1760 1772 1773
f 1761 1773 1774
f 1774 1775 1763
f 1775 1776 1764
f 1776 1765 1753
f 1765 1777 1778
f 1778 1779 1767
f 1767 1779 1780
f 1780 1781 1769
f 1781 1782 1770
f 1782 1783 1771
f 1783 1784 1772
f 1784 1785 1773
f 1773 1785 1786
f 1774 1786 1787
f 1787 1788 1776
f 1788 1777 1765
f 1789 1790 1778
f 1790 1791 1779
f 1791 1792 1780
f 1792 1793 1781
f 1781 1793 1794
f 1794 1795 1783
f 1783 1795 1796
f 1796 1797 1785
f 1785 1797 1798
f 1786 1798 1799
f 1787 1799 1800
f 1800 1789 1777
f 1801 1802 1790
f 1790 1802 1803
f 1803 1804 1792
f 1792 1804 1805
f 1805 1806 1794
f 1806 1807 1795
f 1795 1807 1808
f 1808 1809 1797
f 1797 1809 1810
f 1798 1810 1811
f 1811 1812 1800
f 1800 1812 1801
f 1813 1814 1802
f 1814 1815 1803
f 1803 1815 1816
f 1804 1816 1817
f 1805 1817 1818
f 1818 1819 1807
f 1807 1819 1820
f 1820 1821 1809
f 1821 1822 1810
f 1822 1823 1811
f 1811 1823 1824
f 1824 1813 1801
f 1825 1826 1814
f 1826 1827 1815
f 1815 1827 1828
f 1828 1829 1817
f 1829 1830 1818
f 1830 1831 1819
f 1831 1832 1820
f 1820 1832 1833
f 1821 1833 1834
f 1834 1835 1823
f 1823 1835 1836
f 1824 1836 1825
f 1825 1837 1838
f 1826 1838 1839
f 1839 1840 1828
f 1840 1841 1829
f 1829 1841 1842
f 1830 1842 1843
f 1843 1844 1832
f 1844 1845 1833
f 1845 1846 1834
f 1846 1847 1835
f 1847 1848 1836
f 1848 1837 1825
f 1837 1849 1850
f 1838 1850 1851
f 1851 1852 1840
f 1852 1853 1841
f 1841 1853 1854
f 1842 1854 1855
f 1855 1856 1844
f 1856 1857 1845
f 1845 1857 1858
f 1846 1858 1859
f 1859 1860 1848
f 1860 1849 1837
f 1849 1861 1862
f 1862 1863 1851
f 1851 1863 1864
f 1852 1864 1865
f 1865 1866 1854
f 1854 1866 1867
f 1867 1868 1856
f 1856 1868 1869
f 1869 1870 1858
f 1870 1871 1859
f 1859 1871 1872
f 1872 1861 1849
f 1873 1874 1862
f 1874 1875 1863
f 1875 1876 1864
f 1864 1876 1877
f 1877 1878 1866
f 1878 1879 1867
f 1867 1879 1880
f 1868 1880 1881
f 1881 1882 1870
f 1882 1883 1871
f 1871 1883 1884
f 1884 1873 1861
f 1885 1886 1874
f 1886 1887 1875
f 1887 1888 1876
f 1888 1889 1877
f 1889 1890 1878
f 1878 1890 1891
f 1891 1892 1880
f 1880 1892 1893
f 1893 1894 1882
f 1894 1895 1883
f 1895 1896 1884
f 1884 1896 1885
f 1897 1898 1886
f 1886 1898 1899
f 1887 1899 1900
f 1888 1900 1901
f 1889 1901 1902
f 1890 1902 1903
f 1903 1904 1892
f 1904 1905 1893
f 1905 1906 1894
f 1906 1907 1895
f 1907 1908 1896
f 1896 1908 1897
f 1909 1910 1898
f 1898 1910 1911
f 1911 1912 1900
f 1912 1913 1901
f 1913 1914 1902
f 1914 1915 1903
f 1915 1916 1904
f 1916 1917 1905
f 1905 1917 1918
f 1918 1919 1907
f 1919 1920 1908
f 1908 1920 1909
f 1921 1922 1910
f 1922 1923 1911
f 1923 1924 1912
f 1924 1925 1913
f 1925 1926 1914
f 1914 1926 1927
f 1927 1928 1916
f 1916 1928 1929
f 1917 1929 1930
f 1930 1931 1919
f 1931 1932 1920
f 1932 1921 1909
f 1933 1934 1922
f 1934 1935 1923
f 1935 1936 1924
f 1924 1936 1937
f 1925 1937 1938
f 1938 1939 1927
f 1927 1939 1940
f 1940 1941 1929
f 1941 1942 1930
f 1930 1942 1943
f 1943 1944 1932
f 1944 1933 1921
f 1933 1945 1946
f 1946 1947 1935
f 1947 1948 1936
f 1936 1948 1949
f 1949 1950 1938
f 1950 1951 1939
f 1951 1952 1940
f 1952 1953 1941
f 1953 1954 1942
f 1954 1955 1943
f 1943 1955 1956
f 1956 1945 1933
f 1957 1958 1946
f 1958 1959 1947
f 1947 1959 1960
f 1960 1961 1949
f 1961 1962 1950
f 1950 1962 1963
f 1963 1964 1952
f 1952 1964 1965
f 1953 1965 1966
f 1954 1966 1967
f 1955 1967 1968
f 1968 1957 1945
f 1957 1969 1970
f 1970 1971 1959
f 1959 1971 1972
f 1960 1972 1973
f 1961 1973 1974
f 1962 1974 1975
f 1975 1976 1964
f 1976 1977 1965
f 1977 1978 1966
f 1978 1979 1967
f 1967 1979 1980
f 1980 1969 1957
f 1969 1981 1982
f 1970 1982 1983
f 1983 1984 1972
f 1984 1985 1973
f 1985 1986 1974
f 1986 1987 1975
f 1987 1988 1976
f 1976 1988 1989
f 1989 1990 1978
f 1978 1990 1991
f 1991 1992 1980
f 1992 1981 1969
f 1993 1994 1982
f 1982 1994 1995
f 1995 1996 1984
f 1996 1997 1985
f 1985 1997 1998
f 1998 1999 1987
f 1987 1999 2000
f 2000 2001 1989
f 1989 2001 2002
f 1990 2002 2003
f 2003 2004 1992
f 1992 2004 1993
f 2005 2006 1994
f 2006 2007 1995
f 2007 2008 1996
f 1996 2008 2009
f 2009 2010 1998
f 1998 2010 2011
f 1999 2011 2012
f 2012 2013 2001
f 2013 2014 2002
f 2014 2015 2003
f 2015 2016 2004
f 2004 2016 2005
f 2017 2018 2006
f 2018 2019 2007
f 2007 2019 2020
f 2008 2020 2021
f 2009 2021 2022
f 2010 2022 2023
f 2023 2024 2012
f 2012 2024 2025
f 2025 2026 2014
f 2026 2027 2015
f 2027 2028 2016
f 2028 2017 2005
f 2017 2029 2030
f 2030 2031 2019
f 2031 2032 2020
f 2020 2032 2033
f 2021 2033 2034
f 2034 2035 2023
f 2035 2036 2024
f 2036 2037 2025
f 2025 2037 2038
f 2038 2039 2027
f 2039 2040 2028
f 2040 2029 2017
f 2041 2042 2030
f 2030 2042 2043
f 2043 2044 2032
f 2044 2045 2033
f 2045 2046 2034
f 2034 2046 2047
f 2047 2048 2036
f 2048 2049 2037
f 2037 2049 2050
f 2038 2050 2051
f 2051 2052 2040
f 2040 2052 2041
f 2053 2054 2042
f 2054 2055 2043
f 2055 2056 2044
f 2044 2056 2057
f 2057 2058 2046
f 2046 2058 2059
f 2059 2060 2048
f 2048 2060 2061
f 2061 2062 2050
f 2062 2063 2051
f 2051 2063 2064
f 2052 2064 2053
f 2065 2066 2054
f 2066 2067 2055
f 2055 2067 2068
f 2056 2068 2069
f 2069 2070 2058
f 2070 2071 2059
f 2071 2072 2060
f 2060 2072 2073
f 2073 2074 2062
f 2074 2075 2063
f 2075 2076 2064
f 2064 2076 2065
f 2077 2078 2066
f 2078 2079 2067
f 2079 2080 2068
f 2068 2080 2081
f 2081 2082 2070
f 2070 2082 2083
f 2071 2083 2084
f 2072 2084 2085
f 2085 2086 2074
f 2086 2087 2075
f 2075 2087 2088
f 2076 2088 2077
f 2089 2090 2078
f 2078 2090 2091
f 2091 2092 2080
f 2092 2093 2081
f 2093 2094 2082
f 2094 2095 2083
f 2083 2095 2096
f 2096 2097 2085
f 2097 2098 2086
f 2086 2098 2099
f 2099 2100 2088
f 2100 2089 2077
f 2089 2101 2102
f 2102 2103 2091
f 2091 2103 2104
f 2104 2105 2093
f 2105 2106 2094
f 2106 2107 2095
f 2107 2108 2096
f 2108 2109 2097
f 2097 2109 2110
f 2110 2111 2099
f 2099 2111 2112
f 2112 2101 2089
f 2113 2114 2102
f 2114 2115 2103
f 2115 2116 2104
f 2116 2117 2105
f 2117 2118 2106
f 2118 2119 2107
f 2119 2120 2108
f 2120 2121 2109
f 2121 2122 2110
f 2110 2122 2123
f 2111 2123 2124
f 2112 2124 2113
f 2125 2126 2114
f 2126 2127 2115
f 2127 2128 2116
f 2128 2129 2117
f 2129 2130 2118
f 2130 2131 2119
f 2131 2132 2120
f 2132 2133 2121
f 2133 2134 2122
f 2134 2135 2123
f 2135 2136 2124
f 2136 2125 2113
f 2125 2137 2138
f 2138 2139 2127
f 2139 2140 2128
f 2128 2140 2141
f 2141 2142 2130
f 2142 2143 2131
f 2143 2144 2132
f 2132 2144 2145
f 2145 2146 2134
f 2134 2146 2147
f 2135 2147 2148
f 2148 2137 2125
f 2137 2149 2150
f 2138 2150 2151
f 2139 2151 2152
f 2152 2153 2141
f 2153 2154 2142
f 2154 2155 2143
f 2155 2156 2144
f 2144 2156 2157
f 2157 2158 2146
f 2158 2159 2147
f 2159 2160 2148
f 2160 2149 2137
f 2149 2161 2162
f 2162 2163 2151
f 2151 2163 2164
f 2164 2165 2153
f 2153 2165 2166
f 2166 2167 2155
f 2167 2168 2156
f 2168 2169 2157
f 2169 2170 2158
f 2170 2171 2159
f 2159 2171 2172
f 2172 2161 2149
f 2161 2173 2174
f 2162 2174 2175
f 2175 2176 2164
f 2176 2177 2165
f 2165 2177 2178
f 2166 2178 2179
f 2179 2180 2168
f 2180 2181 2169
f 2181 2182 2170
f 2170 2182 2183
f 2183 2184 2172
f 2184 2173 2161
f 2185 2186 2174
f 2174 2186 2187
f 2187 2188 2176
f 2176 2188 2189
f 2177 2189 2190
f 2190 2191 2179
f 2191 2192 2180
f 2192 2193 2181
f 2193 2194 2182
f 2182 2194 2195
f 2195 2196 2184
f 2184 2196 2185
f 2197 2198 2186
f 2198 2199 2187
f 2199 2200 2188
f 2200 2201 2189
f 2189 2201 2202
f 2202 2203 2191
f 2191 2203 2204
f 2204 2205 2193
f 2193 2205 2206
f 2194 2206 2207
f 2195 2207 2208
f 2196 2208 2197
f 2197 2209 2210
f 2210 2211 2199
f 2211 2212 2200
f 2200 2212 2213
f 2201 2213 2214
f 2214 2215 2203
f 2203 2215 2216
f 2216 2217 2205
f 2217 2218 2206
f 2218 2219 2207
f 2219 2220 2208
f 2220 2209 2197
f 2209 2221 2222
f 2222 2223 2211
f 2223 2224 2212
f 2212 2224 2225
f 2225 2226 2214
f 2226 2227 2215
f 2215 2227 2228
f 2228 2229 2217
f 2229 2230 2218
f 2230 2231 2219
f 2219 2231 2232
f 2232 2221 2209
f 2221 2233 2234
f 2234 2235 2223
f 2223 2235 2236
f 2236 2237 2225
f 2237 2238 2226
f 2226 2238 2239
f 2239 2240 2228
f 2228 2240 2241
f 2229 2241 2242
f 2242 2243 2231
f 2231 2243 2244
f 2244 2233 2221
f 2233 2245 2246
f 2246 2247 2235
f 2235 2247 2248
f 2236 2248 2249
f 2249 2250 2238
f 2238 2250 2251
f 2251 2252 2240
f 2240 2252 2253
f 2253 2254 2242
f 2254 2255 2243
f 2255 2256 2244
f 2256 2245 2233
f 2257 2258 2246
f 2258 2259 2247
f 2247 2259 2260
f 2260 2261 2249
f 2261 2262 2250
f 2262 2263 2251
f 2251 2263 2264
f 2264 2265 2253
f 2253 2265 2266
f 2266 2267 2255
f 2267 2268 2256
f 2268 2257 2245
f 2269 2270 2258
f 2270 2271 2259
f 2259 2271 2272
f 2272 2273 2261
f 2273 2274 2262
f 2274 2275 2263
f 2275 2276 2264
f 2276 2277 2265
f 2265 2277 2278
f 2278 2279 2267
f 2267 2279 2280
f 2280 2269 2257
f 2281 2282 2270
f 2282 2283 2271
f 2283 2284 2272
f 2284 2285 2273
f 2273 2285 2286
f 2286 2287 2275
f 2287 2288 2276
f 2288 2289 2277
f 2289 2290 2278
f 2290 2291 2279
f 2291 2292 2280
f 2280 2292 2281
f 2293 2294 2282
f 2294 2295 2283
f 2295 2296 2284
f 2296 2297 2285
f 2285 2297 2298
f 2298 2299 2287
f 2287 2299 2300
f 2300 2301 2289
f 2289 2301 2302
f 2290 2302 2303
f 2303 2304 2292
f 2292 2304 2293
f 1537 1538 2294
f 1538 1539 2295
f 2295 1539 1540
f 1540 1541 2297
f 1541 1542 2298
f 1542 1543 2299
f 1543 1544 2300
f 1544 1545 2301
f 1545 1546 2302
f 1546 1547 2303
f 1547 1548 2304
f 1548 1537 2293
